-3.233414613523660081e-02,-3.029715095958730037e-02,-2.945760895962660011e-02,-2.933866732182010065e-02,-3.022024328475320099e-02
-2.776443991858260074e-02,-2.837265102699729896e-02,-2.888386737153059158e-02,-2.903518125559140239e-02,-2.911374173546199540e-02
-8.116927681576400697e-03,-1.371763622879909779e-02,-1.507497370993640326e-02,-1.583434666662629497e-02,-1.627375214787080138e-02
-1.543580812983929955e-02,-2.092418366973679972e-02,-2.256677461240010063e-02,-2.330849138900140116e-02,-2.287546351633339831e-02
2.100172649515990100e-02,1.327086106191460030e-02,9.394929561468002080e-03,8.810629682154900652e-03,8.755185884674599600e-03
-2.697658769820199948e-02,-3.379737958329070285e-02,-3.602232276462599692e-02,-3.672178944496629766e-02,-3.593532042403810300e-02
-6.646382816046600243e-03,-1.095670463820550000e-02,-1.320429354741970047e-02,-1.455792787632509931e-02,-1.446076366967389767e-02
5.958847534591599042e-03,4.685140167172199659e-03,1.655629517261101181e-03,-5.505092349324995854e-04,-1.094391354098601466e-03
6.583975749554291101e-02,5.592029530826549133e-02,5.108194492042129886e-02,4.849601112750669824e-02,4.736868093805390173e-02
4.072482380743140673e-02,2.682724223314399831e-02,2.176364463635959909e-02,1.900681708716740054e-02,1.835409148027929843e-02
5.562263692377979879e-02,5.633736980481480333e-02,5.315394501560830043e-02,5.001733192621069662e-02,4.834778415779360239e-02
3.816216689808300117e-02,3.715425964725069946e-02,3.392040519327679804e-02,3.082293151522789987e-02,2.871539100138609940e-02
4.591835675731640448e-02,4.094296603161169668e-02,3.574710428127549772e-02,3.250557040493130129e-02,3.046468242181520070e-02
-1.572771606819510157e-02,-8.030021735264699853e-03,-7.794690721612500608e-03,-8.595271826381298275e-03,-1.096121120314419960e-02
5.427071079700400251e-03,1.723037988720850164e-02,1.839806593782000038e-02,1.627353506809950043e-02,1.354782309935829987e-02
2.399072035030559713e-02,2.519024882855840086e-02,2.371231388264040049e-02,2.107025541711980005e-02,1.543404772297410008e-02
3.804735443410180162e-02,3.870762145044519958e-02,3.729473128099129731e-02,3.598669736695370158e-02,3.319362559716029781e-02
-9.849742670131399896e-03,-2.378122404967300454e-03,7.977662967976999068e-04,2.661699734860300225e-03,1.061571224958599360e-03
1.320132204922799769e-03,3.487595755045300606e-03,2.694693088423999634e-03,2.424896782996999005e-03,1.611603894341601074e-03
-3.035293191204880073e-02,-2.744277716234339720e-02,-2.623276763740469905e-02,-2.437511867300439991e-02,-2.484433913984000417e-02
-1.741434520854200085e-02,-1.636784165154719917e-02,-1.485438453819619940e-02,-1.248190418456569806e-02,-1.061862910810740072e-02
-2.820030214582410280e-02,-2.707171692826399953e-02,-2.506797931818950664e-02,-2.294657778614760113e-02,-2.344273577075039680e-02
2.240917983560879873e-02,1.314079356105830008e-02,1.110241380430510016e-02,9.523881511255499407e-03,6.082261246842498963e-03
3.168273307823590151e-02,2.355540959474489854e-02,2.156346029807299988e-02,2.103658989600110107e-02,1.755831221337849843e-02
2.518496175360630113e-02,1.581166533689369949e-02,1.587548476988940097e-02,1.640483205942749878e-02,1.343383985705540011e-02
-1.932555181221810164e-02,-2.725111299992809960e-02,-2.681270982547110174e-02,-2.598955159542640225e-02,-2.677644759946519806e-02
2.644804503876700946e-03,-3.773589383639300819e-03,-5.687219120589499625e-03,-7.314132565920800771e-03,-8.934674300208798881e-03
-2.815632209117660198e-02,-2.538475807302379914e-02,-2.448232975918960067e-02,-2.371231388264040049e-02,-2.104779977624789480e-02
-2.066189206395670219e-02,-2.596860288275289891e-02,-2.560822784564619967e-02,-2.535159119741450459e-02,-2.402037024146960048e-02
2.734295805545360059e-02,2.658513906392004030e-04,-3.476404089449999270e-03,-5.885517256653499500e-03,-4.279225572529399106e-03
3.570870332278280185e-02,1.912830204773600332e-03,-2.745367210106002117e-04,-1.646994607822099225e-03,0.000000000000000000e+00
8.940369831352599703e-03,-2.654417715035009909e-02,-2.781399179459029952e-02,-2.672703516583359654e-02,-2.478100376898929522e-02
-3.937529696855200656e-03,-3.877089467957760271e-02,-3.732595761268629742e-02,-3.651744119618580142e-02,-3.618815929199389880e-02
1.270599227815510240e-02,-1.733051769342349932e-02,-1.854430016495400152e-02,-1.992695934941339855e-02,-1.964056587454629521e-02
-2.553112890703300095e-02,-3.434161989335589998e-02,-3.433579801104490875e-02,-3.383678873116510027e-02,-3.435452350210840139e-02
1.026439599490209902e-02,6.530635455329900432e-03,3.289476650398699253e-03,2.743485945750800091e-03,-5.483959556136004275e-04
1.455327141003590063e-02,1.650202463638770004e-02,1.303944123659449977e-02,1.138426844492589941e-02,8.881546031459899501e-03
3.768187750499760180e-02,3.984155859341800138e-02,3.138160074116810166e-02,2.730827535353209934e-02,2.236118015815730109e-02
4.883700748831301154e-03,1.637554951089700101e-03,-1.377220986174599628e-03,-2.760907330804399009e-03,-4.694196111256199871e-03
5.673042548450099240e-03,2.472616119391400288e-02,2.003635025943750064e-02,1.815231360718860126e-02,1.596071305976499988e-02
1.268408684849870426e-02,4.170037185603840679e-02,3.865215443427930109e-02,3.499684203709609726e-02,3.370954201974880188e-02
-1.246122043781200048e-02,1.031216736641949946e-02,1.123761312025470076e-02,9.890190507452300758e-03,9.351003231540200300e-03
-1.557146970114899748e-02,-1.021788938319240052e-02,-7.343974255758498222e-03,-6.825965070399801250e-03,-4.651807540205900836e-03
2.049181044935600993e-03,1.381200021006340033e-02,1.477455055799590036e-02,1.536381386756940047e-02,1.538069320764159920e-02
-1.450426877519210046e-02,-1.978652436625119582e-02,-1.505846387420150048e-02,-1.372140079153959941e-02,-1.291404126674720182e-02
-3.592893508862789881e-02,-4.441628878891099724e-02,-4.111824692947260024e-02,-3.856484362664430038e-02,-3.755675753717330201e-02
-4.569933442346370278e-02,-1.222343074686309781e-02,-9.860392134079999649e-03,-8.510689667908700670e-03,-8.798517029641199708e-03
-6.647848586523409653e-02,-1.772370866469610146e-02,-1.402084824193830168e-02,-1.240539685748770146e-02,-1.353051154298449792e-02
-6.528940004243710682e-02,-2.230171298401980098e-02,-1.449895457995279899e-02,-1.481102225592489940e-02,-1.344511953546520013e-02
-4.946871418633309869e-02,-6.867215560255199303e-03,-1.380262468958399829e-03,-2.489972236815700315e-03,-1.383700234609299079e-03
-2.997174351305120082e-02,4.341933551291300014e-03,9.828088936262599148e-03,9.032496061626900732e-03,1.068064377565029928e-02
1.087854078725060229e-02,5.722866143769899695e-03,1.040535127563230015e-02,9.876623495912000006e-03,1.235091863400909935e-02
2.068100919009100216e-02,1.718302197945049958e-02,2.136482249769679903e-02,2.167734765614789949e-02,2.552629333894899932e-02
2.694854535010019966e-02,2.953744065395020116e-02,2.905839213566300053e-02,3.021048907411880147e-02,3.234417015729679906e-02
4.423720866334159008e-02,4.579308013720390091e-02,4.562810619878399782e-02,4.628075256400630139e-02,4.890884209745449684e-02
1.682058079980569554e-02,1.824574361777319895e-02,1.910457674709399936e-02,1.916129329953010149e-02,2.129173546762199928e-02
3.690847706669690698e-02,3.786109363724170923e-02,3.821440266352980203e-02,3.803350751697170268e-02,3.905283637444229711e-02
6.314042602467409560e-02,6.389607576559530600e-02,6.250393243978369373e-02,6.004963377951050285e-02,5.867788517583959890e-02
7.944939976002220183e-02,7.977564931969929884e-02,7.872409861483289917e-02,7.611667721480240567e-02,7.320969697267450116e-02
8.107104760022788847e-02,8.040720558170889876e-02,7.888484167379840317e-02,7.684348742864270665e-02,7.369347999487770029e-02
1.179889392060056025e-01,1.151502485597210995e-01,1.135095248790014000e-01,1.123926686577988998e-01,1.097508639591192048e-01
9.587879240493699107e-02,9.168819614681640584e-02,8.899769172043239807e-02,8.727415454993829591e-02,8.519528327894609898e-02
7.686739063971219366e-02,7.216726291389359560e-02,7.241538545958700612e-02,7.412623082430849775e-02,7.434524822554340606e-02
5.285150999420189927e-02,4.742734998261440016e-02,4.711585266299279928e-02,4.802086508127979825e-02,4.804417383271059744e-02
6.370685738419530619e-02,5.460413403485169653e-02,5.273128437443209970e-02,5.108509245541929811e-02,4.969966855227250097e-02
5.560164715169750582e-02,4.381277832788010862e-02,4.261909397271679972e-02,4.255961441879590329e-02,4.165319020003389883e-02
9.246387807248600266e-02,7.980395871692909371e-02,7.728969193872939347e-02,7.491620586323119446e-02,7.247191657623110184e-02
1.031337347787120023e-01,7.522000070928699933e-02,7.172022473002019616e-02,6.812217051770749765e-02,6.453852113757109488e-02
1.442183182645730977e-01,1.224485726403270053e-01,1.180714581186264045e-01,1.131679877099320969e-01,1.091911225976684996e-01
8.479653666007680446e-02,6.134155984553400082e-02,5.950795753034070212e-02,5.742988424164689742e-02,5.597926774190119942e-02
7.191167314726221171e-02,5.041969903352309934e-02,4.829061483940789296e-02,4.433230966499990267e-02,4.196733882138650035e-02
4.317789358964005918e-04,3.520355670818199785e-03,2.439296031559400144e-03,8.934554983441995958e-04,4.480286813293994207e-04
-5.312902488387859223e-02,-2.909699995693660127e-02,-3.020701757755690081e-02,-3.107658320029479948e-02,-3.071605523044700428e-02
-8.190974492586229616e-02,-6.200377086601199794e-02,-6.118843425228921024e-02,-6.036033024844029982e-02,-5.905936488762809911e-02
-3.349189675032020197e-02,-1.306638798999260227e-02,-1.338766840368919679e-02,-1.371702923470980058e-02,-1.443026482902870153e-02
-4.577070082847250337e-02,-3.444455898242990838e-02,-3.425370788682310236e-02,-3.385624027305909889e-02,-3.374999059627639686e-02
8.168575085459598567e-03,-6.591233897859994414e-04,2.214594184667990223e-04,2.232392017307000107e-04,4.478280415191010868e-04
-1.729797146675270125e-02,-2.371832963899999855e-02,-2.437462589770629517e-02,-2.595141003301299626e-02,-2.531780798428970303e-02
-4.201735374937289741e-02,-4.481401578979259809e-02,-4.655186834795029677e-02,-4.879016416943190299e-02,-4.847475650241100942e-02
-1.058636241601908917e-01,-1.014226413939289945e-01,-1.020273426292054170e-01,-1.029130786813472059e-01,-1.020862159621521992e-01
-1.132939938012147985e-01,-1.095856990281687954e-01,-1.106703513062766986e-01,-1.115721862633094058e-01,-1.114663604972160882e-01
-1.515849311458246362e-01,-1.531255644120129988e-01,-1.510185955378852973e-01,-1.497333672008029914e-01,-1.491635095665214128e-01
-1.032729109910639070e-01,-9.685764930809979967e-02,-9.465862302602720546e-02,-9.214617646166819998e-02,-9.286668439184900259e-02
-8.973342831143889253e-02,-8.928669082676508884e-02,-8.682027592843730157e-02,-8.358671610826569343e-02,-8.357701283438100093e-02
-2.400988380480160306e-02,-2.282027625905710261e-02,-2.151684346224960048e-02,-1.894373698882270002e-02,-1.900057161428659810e-02
-7.311755704194299738e-03,1.990545568926200236e-03,4.260124222676700545e-03,7.067167223092500269e-03,7.342734598374900043e-03
-1.495886591582600055e-03,4.345054759348499981e-03,5.649732542118900309e-03,8.519478404264301322e-03,8.281620831722000253e-03
1.916196492796379963e-02,2.113286192747250089e-02,2.276850189767199925e-02,2.441006019856949844e-02,2.422660881612399841e-02
4.981330350204099186e-03,9.321140670338200207e-03,1.089583818825450023e-02,1.273902577742969978e-02,1.201292401639680006e-02
-2.058349173801710119e-02,-1.777935902883610517e-02,-1.536747713112180183e-02,-1.342642081943030107e-02,-1.372321409582280202e-02
1.818011531143499948e-02,2.673365828974070060e-02,2.713536003659130016e-02,2.826868126038260126e-02,2.761713022508439919e-02
3.095309747701269210e-02,4.829211081883850315e-02,4.750893401338340122e-02,4.793289879331370101e-02,4.829912561303949942e-02
6.835179840732399925e-02,7.272004687887390073e-02,7.142446337838080639e-02,7.101711287877560119e-02,7.075498648035080662e-02
9.112299550527379333e-02,9.489977372455439542e-02,9.375104709980179585e-02,9.346728594019869385e-02,9.262735290260849796e-02
7.759189159910920286e-02,8.194551002618960522e-02,8.115521766912489610e-02,8.221796353582050410e-02,8.177335631191740006e-02
4.738222107872710337e-02,5.072440074926289760e-02,5.053856818342160329e-02,5.123216782498370148e-02,5.094967707567479853e-02
1.109327701888916939e-01,1.105475258574761949e-01,1.095276452761017039e-01,1.085653721641982039e-01,1.059251892055999983e-01
5.486655278106210287e-02,5.538214585158480335e-02,5.548802401773929999e-02,5.551926114885569891e-02,5.391895231011079731e-02
5.536754176175390230e-02,5.630919994546011026e-02,5.643151670214029830e-02,5.647927055946710267e-02,5.650203048851869941e-02
3.059599386285330111e-02,2.958592125332929965e-02,2.861293488348130160e-02,2.642712903516209952e-02,2.514684312304759847e-02
3.732447639343570295e-02,3.681120150793189966e-02,3.545826009186889977e-02,3.380088845987120477e-02,3.280486844885160264e-02
1.269243671351909936e-02,1.254070489359060056e-02,1.001750537368100054e-02,7.882677120561100426e-03,7.701655408374799214e-03
1.083669035691009822e-02,1.175715698604369933e-02,9.647082052658500356e-03,7.277570988693299672e-03,7.092228309491800144e-03
5.136997597916298855e-03,6.017641198071899816e-03,4.543987046125500320e-03,2.394168082352899577e-03,4.376367684729016690e-04
1.095840106283050251e-02,1.636257507723120133e-02,1.714069931142290018e-02,1.746274106710379859e-02,1.687226527068850027e-02
-2.299465083861070014e-02,-1.564277707045350074e-02,-1.348941317863759995e-02,-1.311049520242500016e-02,-1.386228310985359972e-02
-5.876924703918460363e-02,-4.955323993903879704e-02,-4.589079610420199878e-02,-4.437245571273160105e-02,-4.528906650125329864e-02
-3.331449877576030116e-02,-2.698419730507709696e-02,-2.451806967418900321e-02,-2.311727750594559996e-02,-2.459323590295630496e-02
-3.541923742300259748e-02,-3.089888981578909830e-02,-2.891134349442000054e-02,-2.844420624320560462e-02,-2.997892986148669586e-02
-2.895647418087500709e-03,-2.225685316728699074e-03,-1.790510773788199679e-03,-2.025431096383100565e-03,-3.170292510389200857e-03
2.563957193087579994e-02,2.359334898621810034e-02,2.304610331454259864e-02,2.249813678644320067e-02,2.083408690284200074e-02
2.573712608854290124e-02,2.144375221082829922e-02,1.998943593795679888e-02,1.986521307224129937e-02,1.863266811129260167e-02
2.595834271342389865e-02,2.416637816520959825e-02,2.189626349680939832e-02,2.069730052469720069e-02,1.839029177834870105e-02
2.209457372533000716e-03,-5.540180375615300599e-03,-7.808182447811598884e-03,-8.535541488926998502e-03,-1.042384240104070152e-02
5.995520307002619870e-02,5.146039272531079817e-02,4.832069061137560240e-02,4.772758457723849657e-02,4.566396157901490144e-02
1.767254459281000084e-02,8.760459005361299900e-03,5.294519316974000134e-03,4.218010471760300431e-03,2.909255716478000540e-03
2.209212424757989689e-04,-8.433250158043099215e-03,-1.050641161042150003e-02,-1.259575807001230008e-02,-1.359948429896089966e-02
-8.724155660338300464e-03,-1.751741749995840147e-02,-1.921649413969389944e-02,-1.957357863995819874e-02,-1.884308780147980061e-02
1.053796798995700057e-02,7.968169649176799763e-03,5.583487425700400103e-03,5.399338201502200396e-03,6.584199061522699042e-03
-4.864311615799139787e-02,-4.945705315713579825e-02,-5.213620416182609962e-02,-5.405528930633399926e-02,-5.432005207363790888e-02
-9.124547338772499849e-03,-8.760459005361199286e-03,-1.128455386630470084e-02,-1.383024498204540008e-02,-1.531216586696869907e-02
-1.768738024678799536e-03,-6.688217839328002923e-04,-2.024519868183499716e-03,-4.992068456550499342e-03,-7.559307557773399869e-03
8.941287351561700777e-03,1.142116522113689921e-02,1.042716047508780025e-02,8.053734807096800744e-03,5.645267335170900402e-03
3.117526466015749925e-02,3.296048584926059705e-02,3.350800728362170189e-02,3.071046602209059895e-02,2.855424869427060017e-02
1.058015299979399998e-01,1.058273846428629955e-01,1.059450086268300950e-01,1.026818007464914972e-01,9.881891890977180515e-02
6.995269006768360665e-02,6.905152939405399815e-02,7.106756102781190687e-02,6.941207082237120518e-02,6.776679681527469912e-02
8.806194245630219464e-02,8.810726751026680403e-02,8.871749411311390110e-02,8.854568614131229365e-02,8.672391327994330434e-02
8.387649297698610007e-02,8.294473693559770155e-02,8.561262091808549690e-02,8.598961333682487995e-02,8.479470597132590659e-02
3.310388674440729179e-02,3.252831114638059934e-02,3.492048819512170305e-02,3.653081623617920187e-02,3.564477150641209846e-02
-2.653955523461220059e-02,-2.573336202383729940e-02,-2.208678740284319986e-02,-1.920951353389260124e-02,-1.777359908396410407e-02
6.693058146584100754e-03,-1.643723402756799628e-03,8.286721004553996650e-04,3.764907187154099572e-03,3.809528416667600555e-03
-1.366949776016409927e-02,-1.626386852750059953e-02,-1.369316001270720097e-02,-1.109610463613749931e-02,-1.017173423521840203e-02
-5.014864288242609769e-02,-4.333771911750240041e-02,-4.178477551129450296e-02,-4.004706143654149925e-02,-4.117545651168459664e-02
-4.515607016204700383e-03,-3.516396218252001299e-03,-3.959575872434200304e-03,-8.637997457972401011e-03,-9.381731924975900486e-03
-2.600765781253200001e-02,-2.535991236104600047e-02,-2.491492845042160217e-02,-2.898753687325220443e-02,-2.954614409381100051e-02
-6.773748723948309902e-02,-5.516453980847459831e-02,-5.381415281390800054e-02,-5.625007052194200274e-02,-5.403201558103270380e-02
-3.639807769644899660e-02,-3.098572267270860089e-02,-3.054320137258719620e-02,-3.361121270289339769e-02,-3.137087969736720300e-02
-3.394498178578340269e-02,-3.873384596606659763e-02,-3.788658026829949677e-02,-4.038759927581439535e-02,-3.621596270166869969e-02
-5.345025466972830319e-02,-5.079175158780509930e-02,-4.834131941520670300e-02,-4.368262051084220027e-02,-3.976927832629290060e-02
-3.533033983033449787e-02,-3.382895902928449716e-02,-3.253545619452070242e-02,-2.918961320827530292e-02,-2.575249610241459736e-02
-8.471865593649900369e-03,-8.510689667908600056e-03,-8.338867719846801765e-03,-7.092228309491699530e-03,-6.486992885776398862e-03
-3.225736979938950005e-02,-3.109284061908909602e-02,-2.972896532927339630e-02,-2.736873539234199737e-02,-2.650194074550649495e-02
1.085187301286899986e-03,1.744059740097900343e-03,1.972603379369400334e-03,3.539043729212600423e-03,3.347096731857200202e-03
-2.061024499824610015e-02,-2.226477951701820099e-02,-2.238320593492469646e-02,-2.212627979398109831e-02,-2.277181027387030141e-02
2.206838353845180442e-02,1.448517381739430031e-02,1.067431984721150043e-02,9.240989853729800196e-03,7.552234918382999540e-03
7.195532028590768958e-02,5.893441878327489863e-02,5.069814155898830221e-02,4.862068700607390104e-02,4.647921179932650027e-02
7.643121820685540302e-02,5.562356950949010059e-02,4.320654659665949804e-02,3.927234959829559863e-02,3.547257304973260028e-02
1.528390530937639991e-02,3.044804440185099655e-03,-6.810967777410899780e-03,-7.980534486053800572e-03,-9.625144257789999824e-03
6.496764925273980362e-02,6.159449043595340012e-02,5.366609338768960763e-02,5.174516967766160103e-02,5.003823118441069751e-02
-1.386984786415050054e-02,-1.688351793005449589e-02,-1.947332074346970129e-02,-1.812204289769039911e-02,-1.786160457724440473e-02
-3.849016399136110517e-02,-3.084268391625969927e-02,-2.782381887885350055e-02,-2.575249610241469797e-02,-2.494435807166450400e-02
-2.225978141879469963e-02,-5.446180197990098393e-03,1.698514208768399196e-03,4.507896439189700184e-03,6.513266621044300382e-03
4.755849275798180315e-02,5.841230226349809762e-02,6.321489420706280504e-02,6.254733461013689544e-02,6.276569554978729537e-02
2.075061614591700368e-02,2.402269175404760093e-02,2.620420346491670119e-02,2.709733955817210035e-02,2.780927869842789862e-02
6.950842399880019506e-02,8.150252520393221067e-02,8.306339658265510240e-02,8.319425865145579913e-02,8.317433357298599506e-02
5.119835317191519936e-02,6.036136660152099931e-02,6.220703082582829807e-02,6.297479916138830347e-02,6.360463472915860172e-02
2.835612218558389991e-02,2.016910036759909930e-02,2.306665491094489831e-02,2.475007349738159862e-02,2.605871500731530080e-02
2.315617408998199914e-02,1.302419712845619831e-02,1.315808457751120077e-02,1.432302638364379987e-02,1.467839312594479938e-02
3.103041479055200849e-02,2.145831323045449893e-02,2.250504146187520121e-02,2.230575751429810308e-02,2.149722771410689931e-02
3.911277757529710297e-02,2.680061150809140078e-02,2.905724919377120075e-02,2.892303946925040004e-02,2.860840791747629869e-02
4.315240988415419698e-02,2.847730499332970164e-02,2.774352172677749945e-02,2.678641674170159984e-02,2.583807657824179968e-02
2.005682957901390104e-02,1.916470480231409826e-02,1.644773920902579956e-02,1.452006427101549917e-02,1.194607101840050069e-02
-1.201456182353670063e-02,-1.322905219421390000e-02,-1.109068669415820031e-02,-1.140026856187680016e-02,-1.341176851075179949e-02
-2.757968569910800027e-02,-2.782187776127510032e-02,-2.499105890133700505e-02,-2.355967617389199964e-02,-2.318641730495170361e-02
-5.487067939708979714e-02,-4.630549641361440122e-02,-4.504447225923170067e-02,-4.380857378181619854e-02,-4.385674513757639725e-02
-5.464331346095650105e-02,-4.894615215867310215e-02,-4.571419116731129800e-02,-4.428918003725920011e-02,-4.393153055388020201e-02
-4.778788663329740227e-02,-4.798273578483090024e-02,-4.440541928758919010e-02,-4.162888229504790177e-02,-3.952075816228330096e-02
5.023621536539398663e-03,5.516409943654499923e-03,5.560718684697099450e-03,6.234434158428999589e-03,7.566240383315800226e-03
5.053067851391200224e-03,1.795966639819239832e-02,1.543716978653970028e-02,1.391362908708219936e-02,1.322576221926130037e-02
1.575790182179270110e-02,1.203236704858669757e-02,1.007306286796800024e-02,8.710133872288699716e-03,7.966499155687900222e-03
2.166149678117940125e-02,2.107047156933180079e-02,1.776826077675189991e-02,1.607287846404580056e-02,1.458359179909220031e-02
8.768809027122589916e-02,9.473220078813859857e-02,8.984966740706909483e-02,8.652822035695860448e-02,8.413555092123460588e-02
3.776259895375090603e-02,5.219956656541940160e-02,5.065641057676979753e-02,4.970720190619710294e-02,4.783253900647239931e-02
6.630107982123999155e-02,6.764352571481839493e-02,6.923793949454980223e-02,6.930903790308959311e-02,6.792173841798850031e-02
5.346571749274139917e-02,6.949278029778389876e-02,7.047809784817339607e-02,7.054717260521280175e-02,6.917382539291780374e-02
3.757864530679329990e-02,4.046908542276660831e-02,4.124295853404900264e-02,4.006946287023419734e-02,3.814623586264990346e-02
-4.407889840613030130e-02,-4.251772065300100240e-02,-4.035931903014940147e-02,-4.078918020008279882e-02,-4.232574795547980329e-02
1.760137271568129949e-02,1.058007368433630004e-02,1.048756942126589931e-02,8.635971238401799269e-03,7.556210142138500459e-03
1.051060727085000035e-02,5.090988651993500272e-03,3.804455796677600182e-03,1.538166040627300018e-03,0.000000000000000000e+00
2.235884593307220156e-02,9.223594802422799971e-03,7.028236737496599586e-03,4.032650688231600652e-03,1.752166319977500539e-03
4.575534345081559706e-02,4.535540733261610169e-02,4.426594077340249844e-02,4.229773147897269298e-02,4.153048327974569881e-02
7.081241816492120367e-02,7.082777124973080318e-02,7.011484953007260379e-02,6.893818035510469733e-02,6.867410662877039551e-02
2.472499054283890108e-02,2.513122341429219891e-02,2.461721486734700162e-02,2.451623607849860026e-02,2.504043195968730026e-02
-1.372330964674739993e-02,-1.401538093180580181e-02,-1.357184169289919924e-02,-1.256662259985849919e-02,-1.136598557629999937e-02
-4.795439312203589322e-02,-4.640403067711969948e-02,-4.391846133762229709e-02,-4.127725336672889711e-02,-3.806207710361859953e-02
-8.313559574039240674e-02,-8.142360547639919399e-02,-7.925320339474699327e-02,-7.645665029029159732e-02,-7.390231662600470208e-02
-4.483181890820259891e-02,-4.306473488446999759e-02,-4.171294044043109828e-02,-3.983345827049199900e-02,-3.797173602717519858e-02
-9.951883878418499307e-02,-9.629965966139590605e-02,-9.401036517454169905e-02,-9.222569686532039457e-02,-9.074180538750019342e-02
-6.228225083981790006e-02,-5.973097203190780302e-02,-5.804183613925689711e-02,-5.663211610346589875e-02,-5.468055695935299804e-02
-2.546776674591149855e-02,-2.363331123780969961e-02,-2.321032564472510010e-02,-2.282696832732779985e-02,-2.227081524120860107e-02
1.065519157419420049e-02,1.170764439343880033e-02,1.219649228560380251e-02,1.252035741542639920e-02,1.226256935441480053e-02
-2.080954557012370046e-02,-1.935289468396330509e-02,-1.850983286748170142e-02,-1.910565907958559906e-02,-2.036315525559340492e-02
6.870670751304258639e-02,6.829404507576029848e-02,6.823328162893289861e-02,6.555744978315899973e-02,6.153263289933880165e-02
3.367321510658780048e-02,3.403652265712529823e-02,3.369077414378569835e-02,3.061567043418959855e-02,2.568722350550349878e-02
3.129868705670470208e-02,3.106392814128760074e-02,3.069804535743409987e-02,2.721119216934770116e-02,2.247285585205850006e-02
1.568935407146200035e-03,1.576976475044999330e-03,1.588562685137899716e-03,-1.003915353867199838e-03,-4.070838106967199221e-03
2.061523875905860170e-02,2.072101763751740128e-02,2.047988866619460113e-02,1.830852870656729872e-02,1.632356180029450113e-02
-4.029742310690510171e-02,-3.953548155159789662e-02,-3.925166140780209784e-02,-3.975356171152569923e-02,-3.935599184749109802e-02
-2.704735008688060119e-02,-2.677403360505700020e-02,-2.536331665749240113e-02,-2.425341192850320043e-02,-2.298480007515689774e-02
-2.214257213534600102e-02,-2.206116652559749966e-02,-2.042708606979290117e-02,-1.866587058674089999e-02,-1.752643191673299711e-02
-3.875834700591889587e-02,-3.773275236874879673e-02,-3.636764417087479800e-02,-3.537116152314440098e-02,-3.486553603105459892e-02
-3.520236922837480242e-02,-3.376686247081740061e-02,-3.158999183553119761e-02,-2.912827292302369933e-02,-2.770260254933579538e-02
2.579110645001199062e-03,3.587090334958300056e-03,5.416805300225100220e-03,7.511963047623199628e-03,9.472887970752999834e-03
-7.028847092458600197e-03,-6.048405535880699811e-03,-5.476131725587198365e-03,-4.716506231325800179e-03,-3.327098099280300248e-03
-1.095737629099879928e-02,-7.998442961422099623e-03,-7.037326720576200269e-03,-6.096340766789098801e-03,-4.120318973019999192e-03
1.831688718085399238e-03,4.286158209920699728e-03,5.949345684106099874e-03,7.877320998836199670e-03,1.071326284813989976e-02
-2.218468920741180003e-02,-2.082132781358559878e-02,-1.969294409770769999e-02,-1.822751375926520007e-02,-1.615137365253849905e-02
-2.568874954492260040e-02,-2.579228205400040108e-02,-2.471262079373540491e-02,-2.250043787409829882e-02,-2.029055118973370139e-02
8.228847236458799660e-03,8.658062743114499846e-03,9.311808175501399415e-03,1.124181486624829980e-02,1.303691511506240019e-02
-3.411260456570399703e-03,-4.023340772234400807e-03,-4.448945659731101503e-03,-3.062164279077399243e-03,-2.273432827898699826e-03
5.729396111226710275e-02,5.642268274476140016e-02,5.530446570853919663e-02,5.464303598249759669e-02,5.349521439059699845e-02
4.191627107000669983e-02,4.319541335591881026e-02,4.238695950374490179e-02,4.135696845303560298e-02,3.898482476806369723e-02
4.083012622128510266e-02,4.353722716651690222e-02,4.295261894340619835e-02,4.133489564912729702e-02,3.897129746856930338e-02
5.218236536700179840e-02,5.347615480031110008e-02,5.220965860068969844e-02,4.917723597608379682e-02,4.580953603129420126e-02
8.806609695882980371e-02,8.922621731918249643e-02,8.987849648864780494e-02,8.726691579458760450e-02,8.485372988572320585e-02
6.881364395712318005e-02,7.292481684352450366e-02,7.240617378654559677e-02,7.075085611784939776e-02,6.887402901251120368e-02
1.064256675426611953e-01,1.127217392853925026e-01,1.113196902997885956e-01,1.091439631040607983e-01,1.084065125301218041e-01
9.150620415591860513e-02,9.802470416761270566e-02,9.602433802071599911e-02,9.390170343431560041e-02,9.236148672175069352e-02
5.965324389081869128e-02,6.688752744956399932e-02,6.604341231699159542e-02,6.516719345075469572e-02,6.500483030899599501e-02
8.347731575234500212e-02,7.560811060567070030e-02,7.269110055404190418e-02,7.035350932411550684e-02,6.920826994325049442e-02
6.823976488677749308e-02,5.670098003557000332e-02,5.396299489048449888e-02,4.991712020738999639e-02,4.765384545514009945e-02
7.993351352623409567e-02,6.425168155615540444e-02,6.249343973302900340e-02,5.543861979129859757e-02,5.087349825628630084e-02
9.377090781894939497e-02,7.703978439377770493e-02,7.592931548360859484e-02,6.843856778663939822e-02,6.308157255562650556e-02
1.095874943157184034e-01,9.343400664609699535e-02,9.227854088759840367e-02,8.776647012848670659e-02,8.481598642619410378e-02
9.936560949222779382e-02,9.934244333226330270e-02,9.976348612110830238e-02,9.775218345987650437e-02,9.566485262237170439e-02
7.419167867869429223e-02,7.286317626638179334e-02,7.347425857104379621e-02,7.444209955837109705e-02,7.519020972238570077e-02
-2.001886689049189871e-02,-2.022972941484120143e-02,-1.801850550267829892e-02,-1.198029047423060205e-02,-7.660204588291800142e-03
-3.514923341577110005e-02,-3.098698696633829519e-02,-2.886590752637349655e-02,-2.287179406795819894e-02,-1.842248834046800177e-02
-2.006215159920349961e-02,-1.681535009020510008e-02,-1.496615386108869974e-02,-1.286889991679700251e-02,-1.207600354189700131e-02
-3.240663701150439668e-02,-3.000774993119910070e-02,-2.974902925154669989e-02,-2.941152135524899985e-02,-2.977481525475009563e-02
3.317586223889949781e-02,3.764134027762140039e-02,3.763466999764659981e-02,3.508577326884580044e-02,2.693928535399400109e-02
1.049259292602263971e-01,1.088672798813622999e-01,1.075162193451197068e-01,1.040683588686557998e-01,9.416561477300559868e-02
1.199826823630296968e-01,1.229211571109261047e-01,1.213900458463481047e-01,1.196229625783904044e-01,1.117424929950450035e-01
5.019774433643099665e-02,5.290542851091119964e-02,5.182339412497469905e-02,5.178938662042829877e-02,4.630998798047970128e-02
2.146240446050800069e-02,2.442027613645419981e-02,2.443402533728199905e-02,2.544420678081529830e-02,2.135780214380069916e-02
-3.566613589938440187e-02,-3.309266958484520516e-02,-3.273386183287369661e-02,-2.995179760910179900e-02,-3.005072649513069669e-02
-1.074059186857430001e-02,-8.212973922112900074e-03,-9.198286531009999822e-03,-8.257427927177098462e-03,-1.087488727917190062e-02
-3.086011036636409841e-02,-2.791866961672110140e-02,-2.953768951011429694e-02,-2.937959035977649735e-02,-3.398269087001350164e-02
3.497340476356530087e-02,3.814508562528200197e-02,2.976041083441879898e-02,2.414318450778970074e-02,1.732977210281900007e-02
3.558447322638900578e-03,-9.225301921382399184e-03,-2.539819060561039968e-02,-4.122622101187139315e-02,-7.053827827709720222e-02
1.285145813321299929e-02,-6.261740968531001508e-04,-1.717872689118100232e-02,-3.153707394188901003e-02,-5.738034123200639464e-02
-4.573178701964900061e-03,-1.709706643840950419e-02,-3.303627240989469999e-02,-4.643062216949560284e-02,-6.888950697189730188e-02
9.632365584771502426e-03,-4.935996447756000466e-03,-1.865696508529820011e-02,-3.043156033069659497e-02,-5.093462351546580030e-02
-2.584516005405030487e-02,-3.970783012210059998e-02,-4.386188826634979804e-02,-4.953880728880730167e-02,-6.741140864832019519e-02
-3.403468631898699370e-03,-2.201604915066400926e-03,1.607587817945998912e-04,6.441512074062000388e-03,1.299732359624929980e-02
-1.238405919972159971e-02,-7.387066990560999837e-03,3.208213052863006847e-04,7.896076557302100438e-03,1.499898819478030082e-02
-2.318496433105709728e-02,-2.198926356387310294e-02,-1.815165088895330167e-02,-1.021257434775430309e-02,-3.105592558153001150e-03
-5.339855544429100015e-03,-3.873271555448599187e-03,6.328112851579001646e-04,7.614455583289599788e-03,1.306321061749570085e-02
-1.865435719419259938e-02,-1.512792795881679614e-02,-1.365592753261390263e-02,-9.878249571662700221e-03,-9.318445340783602579e-03
-1.263174690590040082e-02,-6.634047391712799037e-03,-2.091882651965100599e-03,1.151789514415699992e-03,1.032524614189100562e-03
-1.558846769291000493e-03,1.103665858974600417e-03,2.082833405384899340e-03,3.108386960863000151e-03,2.051282770557300451e-03
-1.037418923763770186e-02,-5.893144394598500910e-03,-1.622323522595300318e-03,-1.325381241068499189e-03,-2.595381680077200621e-03
-2.587887504652049836e-02,-2.324225226679199965e-02,-2.190510481359810024e-02,-2.285440641947440038e-02,-2.301695677704240078e-02
1.618712386862310518e-02,1.544067229287490045e-02,1.445343933818219948e-02,1.363918933302449982e-02,1.445808317523009957e-02
2.280759789460010123e-02,2.008225632349459888e-02,1.819683091250839935e-02,1.566356057578949940e-02,1.756076155787280116e-02
4.513977623467799703e-03,2.203684191026799872e-03,-1.281230156048398985e-03,-5.733491011433399648e-03,-6.166514915664000895e-03
4.329011069514750176e-02,4.084755329905819660e-02,3.650680364785970078e-02,3.085203482722769994e-02,2.885882846197989834e-02
2.679630630352959966e-02,2.649680763854329879e-02,2.316952729911159886e-02,1.686491056975850111e-02,1.268226081275070083e-02
1.379966700805559943e-02,1.489785468063689958e-02,1.471894896126300055e-02,1.006828901370689956e-02,7.999361863060199668e-03
5.659670939180900043e-03,6.348244591203799740e-03,5.048922053898200098e-03,1.132594571358599761e-03,-2.030114045231498198e-03
5.997579037561050208e-02,6.055062721800689995e-02,5.956825712150589508e-02,5.637319060447480018e-02,5.596449789307039735e-02
4.004093605556129087e-02,4.218894817393840230e-02,4.334854337461239993e-02,4.202365128022900187e-02,4.380021805791119854e-02
6.048975823074719677e-02,5.975959742799540064e-02,6.081972110865729864e-02,6.063417259553979810e-02,6.398489379979270530e-02
6.156471132846529776e-02,5.848395376388230288e-02,5.858011375189960124e-02,5.928358445161120011e-02,6.322387537243639999e-02
8.673169582433300218e-02,8.275786143157318198e-02,8.272668882848739635e-02,8.297402265289199885e-02,8.626314342115319611e-02
6.976289330979260073e-02,6.724500773080649418e-02,6.799584737003809554e-02,6.942755960507619728e-02,7.207503793050219765e-02
8.215393313559898880e-02,7.925077180157590051e-02,7.991585899807020221e-02,8.080121723867879358e-02,8.238223749269990570e-02
8.358875192023398903e-02,7.926880497840560480e-02,7.899029274192710670e-02,8.027777502141379695e-02,8.288947508149449583e-02
8.689204951911111419e-02,8.411357983232099766e-02,8.176228105099479782e-02,8.127187778738109714e-02,8.111934475512129483e-02
6.981304787084109675e-02,6.995858860691039904e-02,6.791047387078910647e-02,6.802996323130619527e-02,6.626531893959550223e-02
8.168872954830060096e-02,7.796500071376309682e-02,7.328140086529209840e-02,7.019934799842370010e-02,6.283639306704050242e-02
7.864087681809529828e-02,7.569767432247989647e-02,7.322782533984929787e-02,7.422982183198639783e-02,7.555880557828249799e-02
6.778354807510210411e-02,6.603531340497879876e-02,6.061654273841909912e-02,6.059973494798950172e-02,6.075435210734229929e-02
1.190365887685717050e-01,1.176791464911878943e-01,1.082100836748415978e-01,1.097171495947587977e-01,1.161023218550144981e-01
7.558817816327209616e-02,6.909885421186649779e-02,5.989971568392869761e-02,6.055918749611040319e-02,6.786788106649449537e-02
8.213885086281071113e-02,7.291876996814669609e-02,6.570132148804830319e-02,6.698320096417660630e-02,7.794379571316530086e-02
8.298048876847069488e-02,6.813629722753850038e-02,4.882078688230039737e-02,3.450854798636279752e-02,2.754397042404310020e-02
3.737845641581900163e-02,2.661517627242099976e-02,1.691914237581920027e-02,8.195683680190099171e-03,7.306849907750601059e-03
-2.370254233099210184e-02,-3.836617455209660049e-02,-4.447404172868259925e-02,-5.335459731691360313e-02,-5.698935083283709901e-02
1.070558128569390130e-02,1.837611429571869848e-02,1.304724316187770052e-02,2.614038869254100075e-03,-1.767625723689701580e-03
-8.717981931958540542e-02,-7.484049242234841470e-02,-7.056367419158959819e-02,-7.294285560736979424e-02,-7.411807372502129954e-02
-9.280704958620619727e-02,-8.810262465063670168e-02,-7.448493235118920641e-02,-6.343397112935499071e-02,-5.120877186929270047e-02
-6.381612975262490606e-02,-5.707178500115390324e-02,-4.816758221309230120e-02,-4.015848816655630260e-02,-3.281271685795100063e-02
-9.638474262039710416e-02,-7.518101004565319601e-02,-6.182634282533300968e-02,-5.104190124925919031e-02,-4.353429095752069794e-02
-9.651933360394780725e-02,-9.332138430996539391e-02,-8.315182324055829521e-02,-7.183128910847920434e-02,-6.377669925820560193e-02
-4.390634193754260062e-02,-4.270458963386390000e-02,-3.977415305988220295e-02,-3.342852695483260195e-02,-2.549550871858899739e-02
-5.379642460566899653e-02,-4.250935179658429930e-02,-3.806013062165990168e-02,-3.315220731690050188e-02,-2.988284403168160047e-02
-2.797204621061199614e-03,4.796172263492999577e-03,8.763832482490699349e-03,1.239375755351030013e-02,1.549326765777070056e-02
5.930969723512579533e-02,5.813337514031090281e-02,5.514251331564710285e-02,5.303036879648580226e-02,5.522228925893510332e-02
9.075977844558109908e-02,8.857598391011708983e-02,8.879907424047669973e-02,8.852962545645229331e-02,9.142575619559140110e-02
3.693325504568231027e-02,3.562650847804490345e-02,3.449082284653950253e-02,3.315678782272579728e-02,3.394507314265190340e-02
2.899130568669789146e-02,2.997121817861400292e-02,2.571183589684259904e-02,2.469261259037140027e-02,2.607224030977510140e-02
-8.567279560968699137e-03,-6.877338467317500002e-03,-9.297450424715402242e-03,-1.020347604817929861e-02,-1.011386623692869975e-02
-1.070727360881530005e-02,-1.174033557060030070e-02,-8.548167580746000513e-03,-6.110539735863200136e-03,-6.170742926659599642e-03
-5.771070053325690757e-02,-5.825671158901119667e-02,-5.399074927115619926e-02,-5.149600393924300135e-02,-5.412605864379230192e-02
-6.125593426682600200e-03,-3.752349618550399578e-03,2.909285310396898892e-03,8.793941539437499441e-03,9.351732610672300675e-03
-2.097707373615639512e-02,-1.890812633683490104e-02,-8.991538804192603443e-03,-2.606847878134900542e-03,7.067637583053998189e-04
0.000000000000000000e+00,-1.563721976182699683e-03,5.456131706962999775e-03,1.155610712144809933e-02,1.541078411373359922e-02
-3.127638609531840225e-02,-2.559460656624320055e-02,-1.851053836525989871e-02,-1.233424941084259978e-02,-7.594099319593800197e-03
6.100679826269200974e-03,1.105693959444480068e-02,1.455477080254339965e-02,1.887732607645079691e-02,2.538767697995139919e-02
3.960401216096899601e-03,-9.078529901796998517e-04,-1.321353257793100606e-03,-8.658062743114501580e-03,-4.874322024524701223e-03
2.404770050912139953e-02,2.124670087280939798e-02,2.107587681637820148e-02,1.337356176604430000e-02,1.472780671024329947e-02
1.034822393196339896e-02,1.037892036135129939e-02,1.056115426866620008e-02,3.642991278501200338e-03,5.822029198228000253e-03
2.902074604119970341e-02,2.279704624728400020e-02,2.382935482200240068e-02,1.804741183172100041e-02,2.084837547484240036e-02
-6.610753798052399800e-03,-1.260953403234760066e-02,-9.416758050118597539e-03,-1.254520656933940000e-02,-9.307485751246399180e-03
-3.463605834675220069e-02,-2.735932847660400152e-02,-2.097745438247140479e-02,-1.409341244478489776e-02,-9.397642625035699734e-03
-2.969038984618190338e-02,-2.336984392088730170e-02,-1.919035437223970061e-02,-1.186350588159840007e-02,-6.425500526182799377e-03
-3.531376447907640104e-02,-3.146562682048700127e-02,-2.769448731597290436e-02,-2.192204338977120012e-02,-1.785014623868900335e-02
-2.412509081099300026e-02,-1.915594989691309785e-02,-1.591061210956970159e-02,-1.226355012301360084e-02,-9.410229686420700651e-03
-8.068174649510199969e-03,-1.944139035006900267e-03,7.881256154697009004e-04,4.154666567253199709e-03,7.125269937086498723e-03
1.688411288830179990e-02,1.797326035134340014e-02,1.793169952844380147e-02,1.937833564741379966e-02,2.105634511986599969e-02
-3.822633996045830124e-02,-3.542346848406809773e-02,-3.407787841887300467e-02,-3.276696071578939773e-02,-3.189336377595369809e-02
-9.654860268634410381e-02,-9.332759660830340642e-02,-9.214252761898999999e-02,-8.741193778008460313e-02,-8.375485628705639507e-02
-1.262690105940645902e-01,-1.208543360596811000e-01,-1.213057310308031100e-01,-1.156059544287350999e-01,-1.122659452002970071e-01
-1.292605060197062061e-01,-1.237197982929384987e-01,-1.236761538324276932e-01,-1.185690874592018051e-01,-1.147496835239245061e-01
-1.165994404698516007e-01,-1.111254821843269819e-01,-1.108278362585951998e-01,-1.062769751836634968e-01,-1.017334140481555987e-01
-2.211867889036340379e-02,-2.706260846366780048e-02,-3.211252660062779984e-02,-3.314424423375390144e-02,-2.951106032565230242e-02
4.424998694464470084e-02,4.726413249556989798e-02,4.387875384091600300e-02,3.759564159034980285e-02,3.783098981427789748e-02
7.444120829626479918e-02,7.286214003333009448e-02,7.006086731648289434e-02,6.400201771508200188e-02,6.340726676274190121e-02
9.578895415116600587e-02,9.315893733413511957e-02,8.866923922244369927e-02,8.137387275513290052e-02,8.044314580530810554e-02
9.096543747381589939e-02,8.686499625307329830e-02,8.135258490323619973e-02,7.539549835034030367e-02,7.388971255488950562e-02
2.512209411733780026e-02,3.049738548895089899e-02,3.016157837869840042e-02,2.945210712274479864e-02,2.965572578702550116e-02
4.675331502527409894e-02,3.897929360517270181e-02,3.781379064548170271e-02,3.915949337704829891e-02,4.070413253650159713e-02
6.040165992606839895e-02,4.941900734565070341e-02,4.663322104623239539e-02,4.501035836151510289e-02,4.693850228866060237e-02
8.154506113174950221e-02,6.473914306622069459e-02,6.220714090914050004e-02,5.836842859253749821e-02,5.738604246091320166e-02
8.362126064638508716e-02,7.058401861041090075e-02,7.002134574970890479e-02,6.776546673567070134e-02,6.787609223761549571e-02
1.391216539863747992e-01,1.176153872299808001e-01,1.144141211562740013e-01,1.098319379912276184e-01,1.080763384295893026e-01
8.863193527923629578e-02,7.005646842145189790e-02,6.726331846375639689e-02,6.256251976340909682e-02,5.957573179544219805e-02
5.261759550301139954e-02,3.814830024639209727e-02,3.821956200002909337e-02,3.606383131725419966e-02,3.440938536420330013e-02
-3.061082601278300105e-02,-3.612620818273960116e-02,-3.590396052728730275e-02,-3.518017689873360193e-02,-3.461492515693599670e-02
-3.198182111405799971e-02,-3.680772079763300342e-02,-3.604694693461159977e-02,-3.634352238480020175e-02,-3.713883033756910229e-02
-5.510229861439479987e-02,-5.462964145362380480e-02,-5.130639016350810322e-02,-4.911526481006629752e-02,-4.854999566085979601e-02
-2.838900326268590027e-02,-2.520237231069069606e-02,-2.127054088905560095e-02,-1.873405713196790029e-02,-1.761153269640999830e-02
-4.298018892976890326e-02,-4.243485613780310223e-02,-3.795546586750239704e-02,-3.390604221299659687e-02,-3.372318482948880036e-02
5.293018028493300629e-03,6.994847172967800022e-03,1.132634260256789975e-02,1.507633886407810063e-02,1.521515199432560070e-02
4.416132342624499649e-03,6.079046076382099706e-03,9.853590860125799322e-03,1.315102152653799955e-02,1.380086125093759990e-02
-4.223816998641490017e-02,-4.020509962762409961e-02,-3.559189407863889987e-02,-3.155436549093879744e-02,-3.156845278451120285e-02
-4.135712479568069699e-02,-3.524248827506790138e-02,-3.042562733728840230e-02,-2.467263676112409904e-02,-2.318825169380379567e-02
-5.779703562677390022e-02,-5.155367715168279741e-02,-4.565276194655430025e-02,-3.761080135069500008e-02,-3.490024777408130136e-02
-3.283591069581329874e-02,-3.240265110750070038e-02,-2.775189717634169925e-02,-2.352095456041269905e-02,-2.298002739205209921e-02
-5.406022701605549957e-02,-5.868421033968809764e-02,-5.357345147314560019e-02,-4.792398828158300067e-02,-4.652647773307150292e-02
-1.660992576164449855e-02,4.681343398469499720e-03,8.109248384806899343e-03,1.099365201790230076e-02,1.188575832608610057e-02
-4.124432612180890106e-02,-2.679392868056590035e-02,-2.971865383512820036e-02,-2.936499083035919513e-02,-3.503183082167300039e-02
-9.808610718109497806e-03,7.237996774703900002e-03,1.657001207629299781e-03,-2.240583488813700872e-03,-8.990428019315899535e-03
-6.492825807007819583e-02,-4.457904339796740084e-02,-4.728328876657229840e-02,-4.604465462833449985e-02,-5.038525525018609091e-02
-4.137585773020450303e-02,-1.919020717872320023e-02,-2.344511517687130134e-02,-2.506680846704259849e-02,-3.060285005533660077e-02
-3.917286104817820774e-02,-4.155062036976110013e-02,-4.501482564877289788e-02,-4.471892213813320055e-02,-5.016725871801910874e-02
-4.812020180437689976e-02,-4.622114160806930355e-02,-4.442031533771619717e-02,-4.323212173473239828e-02,-4.183482276465819855e-02
-6.096224294121929677e-02,-6.130521804497950089e-02,-6.013322766965460697e-02,-5.860262425243218526e-02,-5.722587429128470765e-02
-5.205953601006600012e-02,-5.398977333461169731e-02,-5.379277496397259772e-02,-5.308899274013530178e-02,-5.182506786458599551e-02
-4.692901629367610128e-02,-4.826061385674620258e-02,-4.949642876549639747e-02,-4.848187955576960251e-02,-4.712049463966268975e-02
-5.937264114925779740e-02,-5.975561573084550021e-02,-6.051022396698970546e-02,-5.947300563259719924e-02,-5.621314484055260630e-02
-1.661691293010610082e-02,-1.729897542606060115e-02,-1.810004164361779869e-02,-1.702357741951830011e-02,-1.297543853213400065e-02
3.205810078912939287e-02,3.301381207244320076e-02,3.229342172071499734e-02,3.304394207341190132e-02,3.607486126730480303e-02
4.454697980903470078e-02,4.502738313766040806e-02,4.443233220440880038e-02,4.489163613069319797e-02,4.830548658068810342e-02
4.845140258175609921e-02,5.021020366796789813e-02,4.780055498426560162e-02,4.704674727730549788e-02,4.887796433630869908e-02
4.081612681930830988e-02,4.179022026332079864e-02,3.901932356444239719e-02,3.882394332125459896e-02,4.059933522516530335e-02
1.291636785888500109e-02,1.371961732007540014e-02,1.171487991223450070e-02,1.098748989887599926e-02,1.117498793324090030e-02
-3.378174384729450141e-02,-3.388224460639720215e-02,-3.566907620673469281e-02,-3.646885793709880169e-02,-3.561959151211580021e-02
-2.359699738361860019e-02,-2.694581731776779857e-02,-2.861880530565250394e-02,-2.915743875532430043e-02,-2.830939943589189794e-02
-4.990404664893770270e-02,-5.475533281788309836e-02,-5.300696317483939712e-02,-5.142180140080850059e-02,-4.872431910284979323e-02
-5.559399291522910264e-02,-6.012021711389199663e-02,-5.728536089050439983e-02,-5.580331873306129675e-02,-5.445493168020740238e-02
-7.627113230786479459e-02,-7.844234426452839637e-02,-7.761928655727490245e-02,-7.654175515628269810e-02,-7.594638862757080444e-02
-8.627977160582669947e-02,-9.168224800788210560e-02,-9.282869786522147948e-02,-9.277758999627790104e-02,-9.161499750424559330e-02
-5.707431167258610050e-02,-5.785569870905799689e-02,-6.168823710806399518e-02,-6.463764390119501602e-02,-6.589957994881670555e-02
-8.681316486236269336e-02,-8.876296021311430584e-02,-8.949564795309089549e-02,-9.061905340299669653e-02,-9.130836521664580097e-02
-8.445668287296879961e-02,-8.781838569851209420e-02,-9.384872539732809493e-02,-9.747234280882018098e-02,-9.757013870587480375e-02
-4.855935055040370291e-02,-5.304213234665779847e-02,-5.630733421263599964e-02,-6.011662078950789218e-02,-5.992614578170099571e-02
-2.909816552065340109e-02,-3.652636173330629787e-02,-4.133296012187370749e-02,-4.708131412009119998e-02,-4.854908913989650077e-02
-7.396824880572309968e-02,-8.446732390234469590e-02,-8.457573614692259767e-02,-8.693928673259679329e-02,-8.679128234804570075e-02
-5.374135783939699984e-02,-6.433512658891439584e-02,-6.886472535358570402e-02,-7.241584902654310540e-02,-7.277523382655870510e-02
-3.528226164691689731e-02,-4.466077082742080095e-02,-4.605795627594509722e-02,-4.843308507261870344e-02,-4.905808806336390410e-02
-5.598073638742100122e-02,-5.393999596317290007e-02,-5.561265214684910085e-02,-5.766641486687540397e-02,-5.917418616293469713e-02
-1.012815061378611048e-01,-8.768500449910389405e-02,-8.487390632941960167e-02,-8.257636586872070528e-02,-8.370040419929200559e-02
-6.515810994609630424e-02,-4.952352198089200047e-02,-4.922304807418399764e-02,-4.783905951946299667e-02,-4.851731407246170219e-02
-4.447457756028289771e-02,-2.743227572641060083e-02,-2.512517162066849746e-02,-2.450131570814970128e-02,-2.548492493869370518e-02
-2.738965126537809894e-02,-1.174452186926339993e-02,-1.145487897476639948e-02,-1.275504582537580027e-02,-1.481237651795679761e-02
-1.393570939745920022e-02,-1.076212435676709989e-02,-1.310681178878450072e-02,-1.463308560263799907e-02,-1.582078620118879814e-02
8.763607024094730025e-02,8.141021508678089602e-02,7.626262474987820228e-02,7.136258494258360119e-02,7.016887359513239442e-02
4.822666248887660240e-02,4.031766568717339710e-02,3.434716462365500211e-02,2.968213613297309914e-02,2.770361243255770045e-02
9.567584830605820045e-02,8.240947665251159571e-02,7.538700640155669708e-02,6.854289489030310212e-02,6.540861603280180570e-02
7.506843324884629465e-02,6.523320682024949524e-02,5.717810721411349661e-02,5.058792906046870319e-02,4.819343213705210016e-02
6.797595358476529737e-02,5.797250936668060795e-02,5.379506518238819784e-02,4.952649338515859728e-02,4.832207586000159677e-02
-4.602167416724210758e-02,-5.779196373857269781e-02,-5.740782398624869054e-02,-5.326755650877369741e-02,-5.304548973957039226e-02
-1.756044789995379884e-02,-2.952180948371339875e-02,-2.919022245793409867e-02,-2.605894376355270131e-02,-2.585723081495480344e-02
-4.287066608698549691e-02,-4.866049191587060174e-02,-4.799287491053409738e-02,-4.244115206007199881e-02,-4.155427393568800198e-02
-2.478461682263100041e-02,-3.376686247081740061e-02,-3.024869533548200234e-02,-2.330134983815559946e-02,-2.236912017048199586e-02
-3.743532183367480337e-02,-4.427960108293339803e-02,-4.192075641079159865e-02,-3.668841813704409871e-02,-3.670797167393050064e-02
3.285059143546879834e-02,3.364996978005969919e-02,3.407514771812750198e-02,3.382225606465170259e-02,3.357189535495699872e-02
5.060302039327991197e-04,3.630395550971699924e-03,5.130484495561500949e-03,6.668493667127400361e-03,8.449719634661099349e-03
-2.673551422017189996e-02,-2.393983269189670082e-02,-2.238965277111929983e-02,-2.173412897179789749e-02,-1.977724230559790158e-02
-3.013630207712569842e-02,-2.834405213381020056e-02,-2.728395894846850217e-02,-2.638299191948570085e-02,-2.490358636980670448e-02
-4.590406242786079782e-02,-4.543034730237110325e-02,-4.615094384624140317e-02,-4.557937028287110254e-02,-4.479339650090519848e-02
-4.456476500803979723e-02,-4.512304594319940104e-02,-4.599940824786320076e-02,-4.560225608239949768e-02,-4.482904987959129839e-02
7.392506784283901788e-03,3.961083281294699998e-03,0.000000000000000000e+00,-1.078360995943799215e-03,-2.014099371701198564e-03
0.000000000000000000e+00,-1.569995961389699648e-03,-5.721453118782998670e-03,-6.193098118563399729e-03,-7.052738959435401155e-03
6.738569973209200537e-03,8.450511614239399755e-03,6.010270876691900348e-03,5.943286292163000271e-03,6.055619936490399050e-03
8.479510631399750364e-02,8.591487741675279954e-02,8.026976108882749594e-02,7.810256198843110176e-02,7.778422078478919310e-02
1.056377255421336869e-01,1.088870435596668990e-01,1.007150639371075934e-01,9.697515105196101437e-02,9.479546760286110263e-02
5.360899073705489848e-02,5.809376939094879760e-02,5.191953199903039801e-02,4.878160109597359795e-02,4.725288485054549709e-02
8.553334818323829469e-02,8.769491892681630096e-02,8.305880267380630344e-02,7.985997583200470096e-02,7.807794370942240658e-02
9.200782846657709624e-02,9.041162314016169821e-02,8.510025810973030624e-02,8.118850733919200091e-02,7.911345734267709318e-02
9.931349924978939703e-02,9.982364160836999789e-02,9.510893050995319897e-02,9.071465630584289730e-02,8.707048737829779783e-02
6.897208341099110573e-02,6.770774951558510002e-02,6.843396430030819488e-02,6.631185962255560506e-02,6.365860778445009416e-02
1.224436548964422111e-01,1.241418435243056007e-01,1.273976927657912983e-01,1.249314084199896063e-01,1.185597347245555960e-01
1.197280209875117851e-01,1.226576786036561034e-01,1.260363783464190091e-01,1.248058512215086957e-01,1.195233139663372940e-01
1.391625217970854922e-01,1.356471321592007118e-01,1.395226355192829004e-01,1.381770418200712891e-01,1.296572650137738925e-01
1.340251972159658966e-01,1.239479154776902958e-01,1.319431991509096014e-01,1.324984578062103902e-01,1.251248954544315894e-01
1.265403356664066004e-01,1.169726427368739941e-01,1.222067676467809005e-01,1.237931402403963932e-01,1.181765885496045970e-01
7.528038158912969680e-02,6.448480246226069579e-02,6.730019094030049998e-02,6.891225558138949769e-02,6.754254490930490518e-02
8.904493132539359479e-02,8.628021901514890124e-02,8.502122998420100219e-02,8.132470043187380038e-02,7.563538958829800485e-02
3.276833154307679657e-02,3.367321510658780048e-02,3.268536354725280063e-02,3.137011187967789910e-02,2.940742961591339896e-02
1.574635709413139961e-02,2.040887163120699843e-02,1.454767035367660055e-02,1.175589225109090023e-02,1.027406297618499963e-02
-2.007449397033429783e-02,-1.978409669355059991e-02,-2.586469674089479989e-02,-3.176214486789259717e-02,-3.687120755496629820e-02
3.119721755533999726e-03,3.619549497627899941e-03,-2.208725359555901036e-03,-8.216507480206100208e-03,-1.462014345496240320e-02
-2.065367496175499543e-02,-2.869750702867489983e-02,-3.259386839067620473e-02,-3.506190559537739754e-02,-3.828011257283579771e-02
-5.560239320257499146e-03,-1.025103831278030043e-02,-1.551696083747709960e-02,-2.061346459997399905e-02,-2.466738222815210296e-02
2.390990882987100059e-03,-3.242755289864199860e-03,-4.691383177148298993e-03,-6.898482103693899872e-03,-1.056096586152709994e-02
2.786558006308850061e-02,3.044840683234889891e-02,2.735753816626800006e-02,2.521022904814180024e-02,2.420005169843919904e-02
4.006895310634409763e-02,3.484673133016810004e-02,3.196029146061540177e-02,2.943450057505149833e-02,2.802768229329330105e-02
3.640004805286269768e-02,3.077165866675390243e-02,2.884553736212309982e-02,2.720683867819129881e-02,2.702081882544520031e-02
6.294070744981060395e-02,6.023884516058550243e-02,5.662778133663950303e-02,5.360161247837969684e-02,5.197283291841949676e-02
8.328607898656749386e-02,8.179011322158868946e-02,7.491377397008749939e-02,7.145418994906560517e-02,6.927977437229340674e-02
7.178794381864819774e-02,6.967362453080989948e-02,5.757269681620749702e-02,5.364018862524010112e-02,5.153960516054530150e-02
-3.153956565131790096e-02,-2.950840289129759778e-02,-4.447609939244610150e-02,-4.998562983506359830e-02,-5.293018436105589863e-02
-3.614084639252079789e-02,-1.369080645139350051e-02,-3.147184338479420973e-02,-3.979641840809969994e-02,-4.529906006855199951e-02
-1.137427488594949937e-01,-1.363973180353363068e-01,-1.398469466417701923e-01,-1.469878240403758030e-01,-1.492059480094569957e-01
-1.629203733401526910e-01,-1.827286790440187936e-01,-1.821719793499542994e-01,-1.891507002058638864e-01,-1.911961612274294953e-01
-1.872359215863828030e-01,-2.002907614032773953e-01,-1.892846754093661099e-01,-1.921791029803850137e-01,-1.917798534721930070e-01
-5.501850217370429785e-02,-7.530661383682180077e-02,-6.325191564025570146e-02,-6.354197028180290363e-02,-6.133263323083380791e-02
-3.830367878830660128e-02,-8.033814319688280248e-02,-6.726426258633359800e-02,-6.667151707497380453e-02,-6.521861637711449944e-02
3.102794067757260257e-02,3.588274065201319668e-02,3.806892268651809741e-02,4.156721403440490070e-02,4.303452877352759859e-02
1.311627214186380196e-02,2.175080417163060068e-02,2.758490414156110002e-02,3.459175624753350192e-02,3.894016015030320188e-02
6.816431184754441486e-02,6.890332860331209452e-02,7.234944311339609746e-02,7.770448031987549353e-02,7.976052253255959401e-02
4.297874252520499788e-02,5.486755352636719929e-02,6.255197860601059701e-02,6.904444579264369664e-02,7.274245525412209590e-02
1.801369678158160417e-02,3.081908012497239918e-02,3.976147678160599913e-02,4.792505513373970100e-02,5.436205618591950089e-02
3.304150729730709335e-02,4.161298837280599794e-02,4.846607875974739965e-02,5.438346680594310228e-02,5.847493287710699844e-02
2.428624440209720126e-02,2.609447156811419907e-02,2.755232399702249937e-02,2.949891504854870034e-02,3.054961649200129900e-02
1.466178203337199348e-03,5.570254983185003424e-04,-4.318100103079006115e-04,-7.434391837472007587e-04,-1.848998985947098838e-03
3.120938814111200079e-03,-1.358603357838998344e-04,-4.069324355369398870e-03,-5.938173724109201135e-03,-8.093569360921799502e-03
-2.250613248928899461e-03,-5.672008012703900516e-03,-9.864973847439903812e-03,-1.269577135207210043e-02,-1.435358281563880144e-02
-4.635551038406259677e-02,-4.874339257848769869e-02,-5.310982531394840139e-02,-5.603747815964200268e-02,-5.722766112202049699e-02
1.004509131372269791e-02,5.465241093430500338e-03,2.120891569137600078e-03,4.381161077744997242e-04,4.534804703214005608e-04
6.259703991961959590e-02,5.062482654659859749e-02,4.462701230214879966e-02,3.808733505040139827e-02,3.634561167293939854e-02
2.512952747174029833e-02,1.429944775160719821e-02,9.515884848529400017e-03,7.260582617656998481e-04,-3.467253040154000786e-03
4.293506855706689940e-02,3.543570537343929822e-02,3.181604518465989961e-02,2.508750364723549842e-02,2.055023228207429956e-02
6.335668110159810296e-02,5.261135338622820179e-02,4.716113238966899990e-02,4.055107746436949906e-02,3.671259646516800146e-02
5.271362480444939658e-02,4.359237339543760997e-02,3.769847734775760156e-02,2.821548913487529828e-02,2.182448356288040070e-02
3.418926206588750183e-02,3.498178678695369748e-02,3.370877528193080147e-02,3.170842688514050045e-02,2.887705231335720157e-02
6.364390736498129475e-02,6.595226817851609913e-02,6.262164331789379923e-02,6.054777000803120146e-02,5.779581594482730011e-02
4.067978024373360146e-02,4.285527683026359863e-02,3.876560184394130248e-02,3.362140039215680276e-02,2.705277937472790051e-02
1.386742192756119756e-02,1.964078162872210168e-02,2.059946500782339901e-02,1.790237572106529937e-02,1.120167041031049950e-02
-4.007318821580899831e-02,-3.815683888213380198e-02,-3.628704450934980286e-02,-3.275197163493220182e-02,-3.230691908391430250e-02
