H_dte,K_dte,N_dte,U_dte,Z_dte,H_price,K_price,N_price,U_price,Z_price,H_symbol,K_symbol,N_symbol,U_symbol,Z_symbol,date,Unnamed: 0,brazil_minas_gerais_avg_temp,brazil_minas_gerais_precipitation,vietnam_ho_chi_minh_avg_temp,vietnam_ho_chi_minh_precipitation,colombia_antioquia_avg_temp,colombia_antioquia_precipitation,indonesia_sumatra_avg_temp,indonesia_sumatra_precipitation,brl_usd_exchange_rate,oil_price_wti,indonesia_idr_usd,mexico_mxn_usd,sugar_price,sp500_price,nestle_stock,us_dollar_index,shipping_proxy,volatility_index,brazil_precip_lag90,oil_price_ma30
897,958,1021,1083,807,218.25,215.5,210.8,210.8,221.25,KCH7,KCK7,KCN7,KCU7,KCZ6,2024-10-02,2000-03-01,21.8,0.2,27.9,0.1,18.4,3.7,25.4,6.7,1.769,31.71,43.63,9.363,5.079999923706055,1379.18994140625,8.835065841674805,104.88999938964844,2991.760498046875,21.63999938964844,,
896,957,1020,1082,806,214.25,211.5,206.8,206.8,217.25,KCH7,KCK7,KCN7,KCU7,KCZ6,2024-10-03,2000-03-02,21.5,0.4,27.9,0.7,19.1,2.7,25.6,0.9,1.759,31.51,43.65,9.341,4.960000038146973,1381.760009765625,8.835065841674805,105.6500015258789,3002.294677734375,21.059999465942383,,
895,956,1019,1081,805,219.2,216.95,212.25,212.25,222.0,KCH7,KCK7,KCN7,KCU7,KCZ6,2024-10-04,2000-03-03,21.8,0.0,28.0,0.7,18.4,3.3,26.0,0.0,1.744,31.46,43.65,9.315,5.050000190734863,1409.1700439453125,8.7188138961792,106.0,3015.673828125,19.209999084472656,,
892,953,1016,1078,802,209.35,207.1,202.4,202.4,212.2,KCH7,KCK7,KCN7,KCU7,KCZ6,2024-10-07,2000-03-04,21.8,0.6,28.5,0.2,18.3,6.1,26.0,0.0,1.744,31.46,43.65,9.315,5.050000190734863,1409.1700439453125,8.7188138961792,106.0,3015.673828125,19.209999084472656,,
891,952,1015,1077,801,213.15,210.9,206.2,202.25,215.95,KCH7,KCK7,KCN7,KCU7,KCZ6,2024-10-08,2000-03-05,22.1,0.1,28.1,4.0,18.7,5.3,25.7,9.0,1.744,31.46,43.65,9.315,5.050000190734863,1409.1700439453125,8.7188138961792,106.0,3015.673828125,19.209999084472656,,
890,951,1014,1076,800,214.35,212.1,207.4,203.45,217.15,KCH7,KCK7,KCN7,KCU7,KCZ6,2024-10-09,2000-03-06,22.8,0.0,27.5,1.5,18.4,18.0,25.4,7.4,1.747,32.19,43.63,9.3175,5.039999961853027,1391.280029296875,8.731733322143555,106.16000366210938,3015.462890625,21.5,,
889,950,1013,1075,799,215.8,213.55,208.95,205.0,219.0,KCH7,KCK7,KCN7,KCU7,KCZ6,2024-10-10,2000-03-07,22.7,1.5,27.3,2.8,18.5,10.5,25.5,12.8,1.747,33.9,43.63,9.285,5.070000171661377,1355.6199951171875,8.52506160736084,106.08999633789062,3002.294677734375,24.309999465942383,,
888,949,1012,1074,798,212.5,210.25,205.65,201.7,216.0,KCH7,KCK7,KCN7,KCU7,KCZ6,2024-10-11,2000-03-08,21.4,15.2,27.5,0.8,18.2,14.7,25.2,25.7,1.754,31.22,43.65,9.272,5.119999885559082,1366.699951171875,8.266727447509766,105.93000030517578,3120.806640625,23.81999969482422,,
885,946,1009,1071,795,218.9,216.65,212.05,208.1,222.3,KCH7,KCK7,KCN7,KCU7,KCZ6,2024-10-14,2000-03-09,20.4,16.2,28.1,0.1,17.9,10.8,25.7,5.4,1.735,31.61,43.63,9.2925,5.159999847412109,1401.68994140625,8.357141494750977,105.37000274658205,3212.981689453125,22.209999084472656,,
884,945,1008,1070,794,213.45,210.7,206.1,202.15,216.95,KCH7,KCK7,KCN7,KCU7,KCZ6,2024-10-15,2000-03-10,20.6,21.3,28.4,0.1,18.2,4.6,25.2,16.6,1.738,31.76,43.65,9.3175,5.21999979019165,1395.0699462890625,8.085892677307129,105.70999908447266,3265.654296875,21.239999771118164,,
883,944,1007,1069,793,214.35,211.6,207.0,203.05,217.9,KCH7,KCK7,KCN7,KCU7,KCZ6,2024-10-16,2000-03-11,19.2,31.5,28.2,1.8,18.3,3.1,24.7,19.6,1.738,31.76,43.65,9.3175,5.21999979019165,1395.0699462890625,8.085892677307129,105.70999908447266,3265.654296875,21.239999771118164,,
882,943,1006,1068,792,211.85,209.1,204.5,200.55,215.4,KCH7,KCK7,KCN7,KCU7,KCZ6,2024-10-17,2000-03-12,18.9,25.7,27.8,5.4,18.4,4.1,24.5,13.9,1.738,31.76,43.65,9.3175,5.21999979019165,1395.0699462890625,8.085892677307129,105.70999908447266,3265.654296875,21.239999771118164,,
881,942,1005,1067,791,213.7,210.95,206.35,202.4,217.2,KCH7,KCK7,KCN7,KCU7,KCZ6,2024-10-18,2000-03-13,20.1,18.7,27.4,10.9,18.6,5.3,25.3,0.8,1.749,32.11,43.65,9.313,5.420000076293945,1383.6199951171875,8.008390426635742,105.5,3265.654296875,22.850000381469727,,
878,939,1002,1064,788,210.7,207.95,203.35,199.4,213.9,KCH7,KCK7,KCN7,KCU7,KCZ6,2024-10-21,2000-03-14,19.9,1.1,27.5,0.9,18.3,4.4,25.3,2.6,1.738,31.93,43.64,9.319,5.28000020980835,1359.1500244140625,8.034222602844238,105.3000030517578,3160.310302734375,24.40999984741211,,
877,938,1001,1063,787,210.85,209.0,204.5,200.55,213.85,KCH7,KCK7,KCN7,KCU7,KCZ6,2024-10-22,2000-03-15,20.7,10.8,27.6,0.5,18.6,6.9,25.3,6.6,1.7402,30.47,43.65,9.337,5.25,1392.1400146484375,8.421727180480957,105.37999725341795,3120.806640625,22.34000015258789,,
876,937,1000,1062,786,212.75,210.8,206.35,202.4,215.65,KCH7,KCK7,KCN7,KCU7,KCZ6,2024-10-23,2000-03-16,21.0,11.8,27.7,1.7,18.7,4.2,25.3,5.1,1.736,31.1,43.58,9.325,5.340000152587891,1458.469970703125,9.015899658203123,105.18000030517578,3160.310302734375,20.770000457763672,,
875,936,999,1061,785,209.1,207.1,202.65,198.7,211.8,KCH7,KCK7,KCN7,KCU7,KCZ6,2024-10-24,2000-03-17,21.5,10.2,28.0,0.2,18.5,6.5,25.6,2.2,1.737,30.86,43.65,9.322,5.269999980926514,1464.469970703125,8.88673210144043,105.1999969482422,3291.989990234375,22.3700008392334,,
874,935,998,1060,784,212.35,209.65,205.2,201.25,215.4,KCH7,KCK7,KCN7,KCU7,KCZ6,2024-10-25,2000-03-18,21.5,4.2,28.4,0.0,18.0,11.5,25.2,7.1,1.737,30.86,43.65,9.322,5.269999980926514,1464.469970703125,8.88673210144043,105.1999969482422,3291.989990234375,22.3700008392334,,
871,932,995,1057,781,216.1,213.4,208.95,205.0,218.95,KCH7,KCK7,KCN7,KCU7,KCZ6,2024-10-28,2000-03-19,22.4,1.5,28.0,0.2,17.8,10.5,25.2,5.2,1.737,30.86,43.65,9.322,5.269999980926514,1464.469970703125,8.88673210144043,105.1999969482422,3291.989990234375,22.3700008392334,,
870,931,994,1056,780,213.15,210.45,206.0,202.05,216.0,KCH7,KCK7,KCN7,KCU7,KCZ6,2024-10-29,2000-03-20,22.0,0.4,27.9,0.6,18.0,9.2,25.6,1.7,1.74,29.33,43.63,9.321,5.130000114440918,1456.6300048828125,8.88673210144043,105.1500015258789,3291.989990234375,22.959999084472656,,
869,930,993,1055,779,215.45,212.75,208.3,204.35,218.3,KCH7,KCK7,KCN7,KCU7,KCZ6,2024-10-30,2000-03-21,21.5,0.1,28.2,0.2,18.3,4.6,25.4,6.9,1.7395,28.01,43.59,9.3,5.199999809265137,1493.8699951171875,9.14506721496582,105.80999755859376,3291.989990234375,21.700000762939453,,
868,929,992,1054,778,214.15,211.95,207.5,203.55,217.0,KCH7,KCK7,KCN7,KCU7,KCZ6,2024-10-31,2000-03-22,21.8,0.3,28.1,0.0,18.8,5.2,24.9,19.3,1.729,27.28,43.65,9.275,5.25,1500.6400146484375,9.054649353027344,106.04000091552734,3291.989990234375,21.489999771118164,,
867,928,991,1053,777,210.65,208.35,203.9,199.95,213.5,KCH7,KCK7,KCN7,KCU7,KCZ6,2024-11-01,2000-03-23,21.7,0.2,27.7,0.0,18.3,7.8,24.8,20.0,1.723,27.47,43.65,9.2375,5.449999809265137,1527.3499755859375,9.287151336669922,105.2300033569336,3318.32568359375,22.260000228881836,,
864,925,988,1050,774,213.0,210.7,206.25,202.3,215.85,KCH7,KCK7,KCN7,KCU7,KCZ6,2024-11-04,2000-03-24,22.0,1.2,27.8,0.2,17.8,12.1,24.8,8.5,1.73,27.86,43.65,9.1875,5.380000114440918,1527.4599609375,9.377567291259766,104.7699966430664,3326.226806640625,23.309999465942383,,
863,924,987,1049,773,216.25,213.95,209.5,205.55,219.4,KCH7,KCK7,KCN7,KCU7,KCZ6,2024-11-05,2000-03-25,22.0,0.4,29.1,0.0,17.6,27.0,25.2,3.8,1.73,27.86,43.65,9.1875,5.380000114440918,1527.4599609375,9.377567291259766,104.7699966430664,3326.226806640625,23.309999465942383,,
862,923,986,1048,772,214.5,212.2,207.75,203.8,217.55,KCH7,KCK7,KCN7,KCU7,KCZ6,2024-11-06,2000-03-26,22.1,0.6,28.3,4.9,17.6,18.8,24.7,8.8,1.73,27.86,43.65,9.1875,5.380000114440918,1527.4599609375,9.377567291259766,104.7699966430664,3326.226806640625,23.309999465942383,,
861,922,985,1047,771,221.35,218.85,214.45,210.5,224.6,KCH7,KCK7,KCN7,KCU7,KCZ6,2024-11-07,2000-03-27,21.8,0.4,28.4,0.2,18.3,2.9,25.2,22.1,1.736,27.59,43.62,9.1825,5.46999979019165,1523.8599853515625,9.196734428405762,105.4499969482422,3239.318359375,24.530000686645508,,
860,921,984,1046,770,213.95,211.45,207.05,203.1,217.15,KCH7,KCK7,KCN7,KCU7,KCZ6,2024-11-08,2000-03-28,21.6,0.5,28.4,0.4,18.6,2.1,25.0,12.9,1.749,27.1,43.65,9.184,5.409999847412109,1507.72998046875,9.119235038757324,105.52999877929688,3344.662109375,24.86000061035156,,
857,918,981,1043,767,216.5,214.0,209.6,205.65,219.95,KCH7,KCK7,KCN7,KCU7,KCZ6,2024-11-11,2000-03-29,21.3,1.4,28.5,1.6,18.2,10.5,25.9,3.0,1.74,26.36,43.65,9.235,5.420000076293945,1508.52001953125,9.14506721496582,106.25,3305.158203125,24.100000381469727,,
856,917,980,1042,766,220.9,218.4,214.0,210.05,224.55,KCH7,KCK7,KCN7,KCU7,KCZ6,2024-11-12,2000-03-30,21.1,0.1,28.4,0.5,18.2,5.0,25.5,10.3,1.753,26.67,43.65,9.306,5.550000190734863,1487.9200439453125,9.196734428405762,105.47000122070312,3344.662109375,25.469999313354492,,30.112666666666662
855,916,979,1041,765,224.45,221.4,217.0,213.05,229.1,KCH7,KCK7,KCN7,KCU7,KCZ6,2024-11-13,2000-03-31,21.3,0.0,28.2,0.0,18.2,9.5,25.0,8.0,1.742,26.86,43.65,9.2895,5.900000095367432,1498.5799560546875,9.312983512878418,105.44000244140624,3291.989990234375,24.11000061035156,,29.951
854,915,978,1040,764,228.45,224.7,220.6,216.65,233.45,KCH7,KCK7,KCN7,KCU7,KCZ6,2024-11-14,2000-04-01,21.4,0.5,28.3,0.9,18.3,7.4,24.6,7.0,1.742,26.86,43.65,9.2895,5.900000095367432,1498.5799560546875,9.312983512878418,105.44000244140624,3291.989990234375,24.11000061035156,,29.796
853,914,977,1039,763,232.35,228.6,224.5,220.55,237.5,KCH7,KCK7,KCN7,KCU7,KCZ6,2024-11-15,2000-04-02,21.0,1.1,29.0,0.1,19.1,0.6,24.9,29.9,1.742,26.86,43.65,9.2895,5.900000095367432,1498.5799560546875,9.312983512878418,105.44000244140624,3291.989990234375,24.11000061035156,,29.64266666666667
850,911,974,1036,760,229.8,225.6,221.5,217.55,235.3,KCH7,KCK7,KCN7,KCU7,KCZ6,2024-11-18,2000-04-03,20.4,0.0,29.2,0.6,18.5,7.0,25.1,9.0,1.742,26.28,43.632,9.29,5.909999847412109,1505.969970703125,9.35173511505127,105.54000091552734,3212.981689453125,24.030000686645508,,29.47
849,910,973,1035,759,227.4,222.8,218.7,214.75,233.3,KCH7,KCK7,KCN7,KCU7,KCZ6,2024-11-19,2000-04-04,18.8,0.0,29.4,0.6,18.2,10.8,25.6,2.5,1.745,25.46,43.65,9.312,5.809999942779541,1494.72998046875,9.300067901611328,105.16999816894533,3318.32568359375,27.1200008392334,,29.27
848,909,972,1034,758,235.6,230.8,226.45,222.5,241.75,KCH7,KCK7,KCN7,KCU7,KCZ6,2024-11-20,2000-04-05,19.3,0.0,28.7,1.0,18.4,12.4,25.5,6.4,1.755,25.76,43.68,9.395,6.019999980926514,1487.3699951171875,9.661738395690918,105.29000091552734,3285.61669921875,28.40999984741211,,29.05566666666667
847,908,971,1033,757,235.4,230.4,226.05,222.1,241.8,KCH7,KCK7,KCN7,KCU7,KCZ6,2024-11-21,2000-04-06,19.7,0.0,28.3,0.0,18.7,6.1,25.8,1.5,1.745,25.51,43.65,9.364,5.960000038146973,1501.3399658203125,9.584235191345217,105.5199966430664,3291.989990234375,27.149999618530273,,28.776
846,907,970,1032,756,235.95,229.95,225.6,221.65,242.95,KCH7,KCK7,KCN7,KCU7,KCZ6,2024-11-22,2000-04-07,20.4,0.5,29.3,0.0,18.3,15.7,25.5,7.3,1.746,24.97,43.67,9.3222,5.889999866485596,1516.3499755859375,9.558402061462402,105.97000122070312,3199.81396484375,24.38999938964844,,28.56766666666667
843,904,967,1029,753,232.6,225.55,220.95,217.0,240.65,KCH7,KCK7,KCN7,KCU7,KCZ6,2024-11-25,2000-04-08,20.9,0.0,28.3,3.9,19.3,1.0,25.3,3.1,1.746,24.97,43.67,9.3222,5.889999866485596,1516.3499755859375,9.558402061462402,105.97000122070312,3199.81396484375,24.38999938964844,,28.346333333333337
842,903,966,1028,752,237.95,230.9,226.3,222.35,246.0,KCH7,KCK7,KCN7,KCU7,KCZ6,2024-11-26,2000-04-09,21.2,0.3,27.7,7.9,19.5,2.7,26.0,2.3,1.746,24.97,43.67,9.3222,5.889999866485596,1516.3499755859375,9.558402061462402,105.97000122070312,3199.81396484375,24.38999938964844,,28.12
841,902,965,1027,751,248.3,241.05,236.45,232.5,256.5,KCH7,KCK7,KCN7,KCU7,KCZ6,2024-11-27,2000-04-10,20.5,2.0,28.2,3.0,19.4,4.0,25.3,11.0,1.738,23.91,43.66,9.29,5.860000133514404,1504.4599609375,9.506735801696776,105.68000030517578,2896.951904296875,25.989999771118164,,27.858333333333334
839,900,963,1025,749,243.85,236.6,232.0,228.05,252.35,KCH7,KCK7,KCN7,KCU7,KCZ6,2024-11-29,2000-04-11,21.0,0.7,27.2,10.4,18.6,8.9,25.0,21.4,1.7475,24.17,43.68,9.366,5.96999979019165,1500.5899658203125,9.584235191345217,105.94000244140624,2923.287353515625,27.25,,27.605333333333338
836,897,960,1022,746,229.7,223.0,218.4,214.45,237.35,KCH7,KCK7,KCN7,KCU7,KCZ6,2024-12-02,2000-04-12,21.3,1.0,27.4,6.3,18.4,13.5,25.3,19.0,1.748,25.49,43.7,9.397,6.03000020980835,1467.1700439453125,9.558402061462402,105.95999908447266,3239.318359375,28.979999542236328,,27.384666666666668
835,896,959,1021,745,229.85,223.5,218.9,214.95,237.05,KCH7,KCK7,KCN7,KCU7,KCZ6,2024-12-03,2000-04-13,21.4,9.7,26.7,1.9,17.9,5.3,25.1,8.2,1.764,25.29,43.7,9.399,6.159999847412109,1440.510009765625,9.455068588256836,106.13999938964844,3252.485595703125,29.399999618530273,,27.163333333333338
834,895,958,1020,744,235.8,229.45,224.85,220.9,243.15,KCH7,KCK7,KCN7,KCU7,KCZ6,2024-12-04,2000-04-14,21.3,2.0,27.3,1.2,17.5,13.7,25.5,20.0,1.786,25.48,43.75,9.501,6.230000019073486,1356.56005859375,9.35173511505127,105.75,3002.294677734375,33.4900016784668,,26.997
833,894,957,1019,743,241.0,234.6,230.0,226.05,248.9,KCH7,KCK7,KCN7,KCU7,KCZ6,2024-12-05,2000-04-15,21.4,0.6,27.6,5.1,18.4,6.6,25.8,21.6,1.786,25.48,43.75,9.501,6.230000019073486,1356.56005859375,9.35173511505127,105.75,3002.294677734375,33.4900016784668,,26.80966666666667
832,893,956,1018,742,244.85,237.75,233.15,229.2,253.6,KCH7,KCK7,KCN7,KCU7,KCZ6,2024-12-06,2000-04-16,21.5,0.2,27.7,3.1,18.4,10.9,25.5,12.0,1.786,25.48,43.75,9.501,6.230000019073486,1356.56005859375,9.35173511505127,105.75,3002.294677734375,33.4900016784668,,26.630333333333336
829,890,953,1015,739,244.1,237.2,232.4,228.45,252.85,KCH7,KCK7,KCN7,KCU7,KCZ6,2024-12-09,2000-04-17,20.6,0.5,27.2,2.1,18.5,3.4,25.8,18.4,1.789,26.06,43.68,9.4825,6.449999809265137,1401.43994140625,9.455068588256836,106.12999725341795,2949.62353515625,28.950000762939453,,26.470333333333333
828,889,952,1014,738,242.5,235.3,229.7,225.75,251.15,KCH7,KCK7,KCN7,KCU7,KCZ6,2024-12-10,2000-04-18,21.0,0.5,27.0,3.8,18.6,7.7,25.4,19.5,1.766,25.92,43.7,9.437,6.349999904632568,1441.6099853515625,9.261319160461426,106.62999725341795,2949.62353515625,26.1200008392334,,26.305666666666664
827,888,951,1013,737,232.45,224.4,216.3,211.3,241.3,KCH7,KCK7,KCN7,KCU7,KCZ6,2024-12-11,2000-04-19,21.5,3.4,26.9,4.2,18.2,7.3,25.5,7.5,1.766,27.38,43.7,9.391,6.409999847412109,1427.469970703125,9.196734428405762,107.12999725341795,2896.951904296875,27.020000457763672,,26.240666666666662
826,887,950,1012,736,232.65,224.75,216.8,211.8,241.3,KCH7,KCK7,KCN7,KCU7,KCZ6,2024-12-12,2000-04-20,21.4,7.9,27.0,8.9,18.8,10.8,25.9,4.8,1.781,27.29,43.687,9.403,6.440000057220459,1434.5400390625,9.196734428405762,107.4499969482422,2896.951904296875,25.850000381469727,,26.216666666666665
825,886,949,1011,735,229.7,222.5,215.1,210.1,237.4,KCH7,KCK7,KCN7,KCU7,KCZ6,2024-12-13,2000-04-21,20.5,0.0,27.7,1.3,18.7,13.3,25.1,13.8,1.779,27.29,43.7,9.4045,6.440000057220459,1434.5400390625,9.196734428405762,107.4499969482422,2896.951904296875,25.850000381469727,,26.217
822,883,946,1008,732,233.3,226.0,218.6,213.6,241.2,KCH7,KCK7,KCN7,KCU7,KCZ6,2024-12-16,2000-04-22,18.4,0.0,27.6,1.8,18.3,9.0,25.3,18.3,1.779,27.29,43.7,9.4045,6.440000057220459,1434.5400390625,9.196734428405762,107.4499969482422,2896.951904296875,25.850000381469727,,26.211
821,882,945,1007,731,230.4,223.5,216.1,211.1,238.0,KCH7,KCK7,KCN7,KCU7,KCZ6,2024-12-17,2000-04-23,18.2,0.0,27.8,3.1,18.6,12.5,25.1,28.7,1.779,27.29,43.7,9.4045,6.440000057220459,1434.5400390625,9.196734428405762,107.4499969482422,2896.951904296875,25.850000381469727,,26.192
820,881,944,1006,730,230.45,223.75,216.65,211.6,238.15,KCH7,KCK7,KCN7,KCU7,KCZ6,2024-12-18,2000-04-24,18.6,0.0,27.8,3.7,18.8,17.4,25.6,30.4,1.79,27.41,43.655,9.4405,6.369999885559082,1429.8599853515625,9.196734428405762,107.27999877929688,2896.951904296875,27.3700008392334,,26.177000000000003
819,880,943,1005,729,222.85,216.85,209.75,204.3,229.9,KCH7,KCK7,KCN7,KCU7,KCZ6,2024-12-19,2000-04-25,18.1,0.0,27.8,3.0,19.1,6.1,25.4,10.6,1.79,26.41,43.7,9.405,6.360000133514404,1477.43994140625,9.222566604614258,108.69000244140624,3002.294677734375,25.239999771118164,,26.128666666666668
818,879,942,1004,728,225.55,219.55,212.8,206.65,232.45,KCH7,KCK7,KCN7,KCU7,KCZ6,2024-12-20,2000-04-26,17.5,0.0,27.9,0.7,18.9,2.5,26.2,7.6,1.799,24.69,43.7,9.409,6.269999980926514,1460.989990234375,9.235485076904297,108.5500030517578,3160.310302734375,26.969999313354492,,26.032
815,876,939,1001,725,227.5,221.5,214.75,208.6,234.5,KCH7,KCK7,KCN7,KCU7,KCZ6,2024-12-23,2000-04-27,17.8,0.0,28.3,1.6,19.3,7.3,25.7,13.7,1.811,25.53,43.7,9.454,6.179999828338623,1464.9200439453125,9.04173183441162,109.56999969482422,3160.310302734375,26.190000534057617,,25.979666666666667
814,875,938,1000,724,232.3,226.8,220.05,213.15,239.0,KCH7,KCK7,KCN7,KCU7,KCZ6,2024-12-24,2000-04-28,18.6,0.0,28.4,0.5,19.6,0.1,26.0,7.1,1.805,25.71,43.7,9.411,5.159999847412109,1452.4300537109375,9.093399047851562,110.13999938964844,2989.126953125,26.200000762939453,,25.958
812,873,936,998,722,231.8,226.25,219.5,212.6,238.4,KCH7,KCK7,KCN7,KCU7,KCZ6,2024-12-26,2000-04-29,19.0,0.0,28.7,0.1,19.0,7.7,26.0,3.6,1.805,25.71,43.7,9.411,5.159999847412109,1452.4300537109375,9.093399047851562,110.13999938964844,2989.126953125,26.200000762939453,,25.926
811,872,935,997,721,233.6,228.7,222.35,215.1,239.4,KCH7,KCK7,KCN7,KCU7,KCZ6,2024-12-27,2000-04-30,19.8,0.8,28.6,1.2,19.3,1.7,25.7,7.7,1.805,25.71,43.7,9.411,5.159999847412109,1452.4300537109375,9.093399047851562,110.13999938964844,2989.126953125,26.200000762939453,,25.887666666666668
808,869,932,994,718,237.55,232.7,226.35,218.9,242.6,KCH7,KCK7,KCN7,KCU7,KCZ6,2024-12-30,2000-05-01,20.5,0.0,28.6,1.2,18.9,4.1,25.5,21.7,1.807,25.84,43.67,9.335,6.53000020980835,1468.25,9.093399047851562,109.62999725341795,3115.5390625,25.8799991607666,,25.853666666666665
807,868,931,993,717,237.85,233.05,227.8,219.35,242.65,KCH7,KCK7,KCN7,KCU7,KCZ6,2024-12-31,2000-05-02,20.3,0.3,27.8,17.4,19.2,5.4,24.9,5.2,1.8,26.86,43.75,9.334,6.400000095367432,1446.2900390625,9.196734428405762,110.26000213623048,3081.302490234375,28.5,,25.853666666666665
805,866,929,991,715,243.4,237.8,232.1,223.5,248.85,KCH7,KCK7,KCN7,KCU7,KCZ6,2025-01-02,2000-05-03,20.4,0.0,27.7,8.3,19.8,1.5,26.0,6.7,1.816,26.6,43.73,9.3675,6.400000095367432,1415.0999755859375,9.04173183441162,111.26000213623048,3041.799560546875,31.6299991607666,,25.86433333333333
804,865,928,990,1081,234.3,229.15,223.6,215.0,203.0,KCH7,KCK7,KCN7,KCU7,KCZ7,2025-01-03,2000-05-04,19.9,0.0,27.4,3.9,19.3,7.1,25.8,1.1,1.814,27.08,43.67,9.3965,6.53000020980835,1409.5699462890625,9.170899391174316,111.8000030517578,3002.294677734375,30.770000457763672,,25.918333333333333
801,862,925,987,1078,235.65,230.45,224.85,216.35,204.35,KCH7,KCK7,KCN7,KCU7,KCZ7,2025-01-06,2000-05-05,19.4,0.0,27.7,2.3,18.8,18.1,25.8,7.2,1.8125,27.37,43.7,9.48,6.590000152587891,1432.6300048828125,9.235485076904297,111.30999755859376,3015.462890625,27.530000686645508,,25.972
800,861,924,986,1077,236.65,231.35,225.7,217.2,205.2,KCH7,KCK7,KCN7,KCU7,KCZ7,2025-01-07,2000-05-06,20.2,0.0,27.7,2.5,18.8,17.7,26.3,0.8,1.8125,27.37,43.7,9.48,6.590000152587891,1432.6300048828125,9.235485076904297,111.30999755859376,3015.462890625,27.530000686645508,,26.034
799,860,923,985,1076,232.6,227.3,221.7,213.2,201.2,KCH7,KCK7,KCN7,KCU7,KCZ7,2025-01-08,2000-05-07,21.5,0.4,27.6,4.1,18.9,16.6,26.0,7.6,1.8125,27.37,43.7,9.48,6.590000152587891,1432.6300048828125,9.235485076904297,111.30999755859376,3015.462890625,27.530000686645508,,26.113999999999997
798,859,922,984,1075,231.95,226.65,221.05,212.55,200.55,KCH7,KCK7,KCN7,KCU7,KCZ7,2025-01-09,2000-05-08,20.8,0.0,27.9,1.3,19.0,5.1,25.9,8.4,1.805,28.05,43.7,9.4825,6.449999809265137,1424.1700439453125,9.35173511505127,111.4499969482422,3054.96630859375,28.200000762939453,,26.216666666666665
797,858,921,983,1074,232.5,227.05,221.35,212.85,200.85,KCH7,KCK7,KCN7,KCU7,KCZ7,2025-01-10,2000-05-09,21.1,0.7,28.5,1.7,18.5,14.4,26.3,6.6,1.8075,28.46,43.7,9.4875,6.5,1412.1400146484375,9.506735801696776,110.75,3054.96630859375,28.93000030517578,,26.333
794,855,918,980,1071,236.05,230.65,224.9,216.4,204.4,KCH7,KCK7,KCN7,KCU7,KCZ7,2025-01-13,2000-05-10,19.3,0.0,28.3,8.7,19.0,10.0,26.3,22.6,1.818,28.1,44.3,9.572,6.5,1383.050048828125,9.558402061462402,110.8000030517578,3054.96630859375,29.8700008392334,,26.47266666666667
793,854,917,979,1070,232.0,226.6,220.85,212.35,200.35,KCH7,KCK7,KCN7,KCU7,KCZ7,2025-01-14,2000-05-11,16.8,0.0,27.3,5.6,19.2,10.7,25.7,26.1,1.82,29.25,44.44,9.583,6.630000114440918,1407.81005859375,9.790904998779297,111.5199966430664,3038.546142578125,27.760000228881836,,26.642
792,853,916,978,1069,236.6,231.2,225.45,216.95,204.95,KCH7,KCK7,KCN7,KCU7,KCZ7,2025-01-15,2000-05-12,15.9,0.0,27.3,10.5,18.4,15.2,26.1,20.1,1.83,29.64,44.15,9.5627,6.78000020980835,1420.9599609375,9.765071868896484,109.9000015258789,3012.123779296875,26.049999237060547,,26.78033333333333
791,852,915,977,1068,233.05,227.65,221.95,213.55,212.05,KCH7,KCK7,KCN7,KCU7,KCZ7,2025-01-16,2000-05-13,16.1,0.0,27.2,7.7,18.2,28.9,26.3,2.4,1.83,29.64,44.15,9.5627,6.78000020980835,1420.9599609375,9.765071868896484,109.9000015258789,3012.123779296875,26.049999237060547,,26.925333333333334
790,851,914,976,1067,233.55,227.9,222.15,213.75,212.7,KCH7,KCK7,KCN7,KCU7,KCZ7,2025-01-17,2000-05-14,16.3,0.0,27.1,8.5,18.7,50.0,26.5,1.6,1.83,29.64,44.15,9.5627,6.78000020980835,1420.9599609375,9.765071868896484,109.9000015258789,3012.123779296875,26.049999237060547,,27.064
786,847,910,972,1063,232.55,226.4,220.6,213.85,213.35,KCH7,KCK7,KCN7,KCU7,KCZ7,2025-01-21,2000-05-15,17.7,0.0,27.8,1.9,18.6,9.9,26.8,2.3,1.845,29.95,44.44,9.576,6.949999809265137,1452.3599853515625,9.829654693603516,110.55999755859376,3012.123779296875,24.86000061035156,,27.213
785,846,909,971,1062,236.15,228.4,222.3,216.3,212.2,KCH7,KCK7,KCN7,KCU7,KCZ7,2025-01-22,2000-05-16,19.1,0.0,27.7,4.7,19.0,14.2,26.6,1.5,1.823,29.76,44.05,9.508,7.130000114440918,1466.0400390625,9.584235191345217,111.30999755859376,3038.546142578125,24.34000015258789,,27.355666666666664
784,845,908,970,1061,239.25,231.65,224.3,218.3,214.2,KCH7,KCK7,KCN7,KCU7,KCZ7,2025-01-23,2000-05-17,20.4,0.0,27.6,12.9,19.1,12.7,26.9,1.1,1.833,29.38,44.02,9.5505,7.059999942779541,1447.800048828125,9.545486450195312,112.0999984741211,3051.758056640625,23.979999542236328,,27.466333333333335
783,844,907,969,1060,239.4,231.3,223.55,217.55,213.45,KCH7,KCK7,KCN7,KCU7,KCZ7,2025-01-24,2000-05-18,19.4,0.0,27.0,3.8,19.2,14.4,26.8,2.5,1.831,30.28,44.03,9.582,7.070000171661377,1437.2099609375,9.467985153198242,112.20999908447266,3062.326171875,23.959999084472656,,27.611666666666668
780,841,904,966,1057,240.05,231.95,224.2,218.2,214.1,KCH7,KCK7,KCN7,KCU7,KCZ7,2025-01-27,2000-05-19,17.6,0.0,27.6,8.8,18.2,17.8,26.7,1.5,1.843,30.02,44.0,9.627,7.210000038146973,1406.949951171875,9.429235458374023,111.47000122070312,3062.326171875,25.440000534057617,,27.699666666666666
779,840,903,965,1056,242.7,234.6,226.6,221.6,217.0,KCH7,KCK7,KCN7,KCU7,KCZ7,2025-01-28,2000-05-20,16.9,0.0,27.7,6.0,18.4,19.1,26.7,2.2,1.843,30.02,44.0,9.627,7.210000038146973,1406.949951171875,9.429235458374023,111.47000122070312,3062.326171875,25.440000534057617,,27.790666666666667
778,839,902,964,1055,245.7,236.85,228.8,223.8,218.5,KCH7,KCK7,KCN7,KCU7,KCZ7,2025-01-29,2000-05-21,16.9,0.7,26.9,8.1,18.4,8.0,26.6,9.5,1.843,30.02,44.0,9.627,7.210000038146973,1406.949951171875,9.429235458374023,111.47000122070312,3062.326171875,25.440000534057617,,27.881666666666668
777,838,901,963,1054,250.05,241.2,233.15,228.15,222.85,KCH7,KCK7,KCN7,KCU7,KCZ7,2025-01-30,2000-05-22,16.4,0.1,27.7,5.8,18.3,8.1,26.4,3.6,1.854,28.62,44.02,9.573,7.420000076293945,1400.719970703125,9.661738395690918,111.05999755859376,3064.9677734375,26.0,,27.926
776,837,900,962,1053,251.75,242.9,234.85,229.85,225.1,KCH7,KCK7,KCN7,KCU7,KCZ7,2025-01-31,2000-05-23,16.6,0.0,27.9,1.7,18.7,6.6,26.0,5.9,1.852,28.61,44.15,9.5025,7.449999809265137,1373.8599853515625,9.765071868896484,111.13999938964844,3064.9677734375,25.8700008392334,,27.97
773,834,897,959,1050,253.1,244.25,236.2,231.2,226.45,KCH7,KCK7,KCN7,KCU7,KCZ7,2025-02-03,2000-05-24,15.5,0.0,27.8,8.3,18.3,5.9,26.0,4.4,1.853,29.89,44.25,9.54,7.559999942779541,1399.050048828125,9.920072555541992,111.22000122070312,2985.701904296875,24.31999969482422,,28.052666666666667
772,833,896,958,1049,255.5,246.65,238.85,232.7,228.8,KCH7,KCK7,KCN7,KCU7,KCZ7,2025-02-04,2000-05-25,15.5,0.0,27.9,4.5,17.8,12.5,25.5,6.0,1.846,30.43,44.2,9.5085,7.760000228881836,1381.52001953125,9.816737174987791,110.75,3144.23486328125,24.579999923706055,,28.186666666666667
771,832,895,957,1048,259.15,250.65,242.65,237.2,232.65,KCH7,KCK7,KCN7,KCU7,KCZ7,2025-02-05,2000-05-26,17.3,0.0,27.0,10.5,18.9,6.4,26.0,4.7,1.841,29.76,44.4,9.53,7.809999942779541,1378.02001953125,10.06215763092041,109.12000274658205,3183.8681640625,24.469999313354492,,28.355666666666664
770,831,894,956,1047,270.75,262.4,255.0,249.45,245.95,KCH7,KCK7,KCN7,KCU7,KCZ7,2025-02-06,2000-05-27,19.9,0.0,27.6,6.1,18.9,5.7,25.9,9.8,1.841,29.76,44.4,9.53,7.809999942779541,1378.02001953125,10.06215763092041,109.12000274658205,3183.8681640625,24.469999313354492,,28.496666666666663
769,830,893,955,1046,272.35,263.6,256.25,250.5,247.6,KCH7,KCK7,KCN7,KCU7,KCZ7,2025-02-07,2000-05-28,19.1,1.4,27.6,4.1,18.0,8.4,25.6,1.2,1.841,29.76,44.4,9.53,7.809999942779541,1378.02001953125,10.06215763092041,109.12000274658205,3183.8681640625,24.469999313354492,,28.631666666666664
766,827,890,952,1043,294.5,285.45,278.1,272.35,269.4,KCH7,KCK7,KCN7,KCU7,KCZ7,2025-02-10,2000-05-29,17.1,0.0,27.4,6.3,17.8,19.6,25.7,32.7,1.841,29.76,44.4,9.53,7.809999942779541,1378.02001953125,10.06215763092041,109.12000274658205,3276.345703125,24.469999313354492,,28.766666666666666
765,826,889,951,1042,280.8,271.6,264.15,258.3,255.35,KCH7,KCK7,KCN7,KCU7,KCZ7,2025-02-11,2000-05-30,18.7,0.0,26.8,13.4,18.5,12.2,26.0,16.1,1.8325,30.36,44.65,9.52,7.699999809265137,1422.449951171875,9.90715503692627,108.93000030517578,3355.612060546875,23.6200008392334,0.2,28.921666666666667
764,825,888,950,1041,289.65,280.45,272.95,267.05,264.05,KCH7,KCK7,KCN7,KCU7,KCZ7,2025-02-12,2000-05-31,20.1,0.2,25.6,24.3,18.4,8.4,26.0,1.4,1.827,29.03,44.65,9.511,7.550000190734863,1420.5999755859375,9.88132095336914,108.73999786376952,3315.978759765625,23.649999618530273,0.4,29.028
763,824,887,949,1040,280.85,271.65,264.0,258.1,255.0,KCH7,KCK7,KCN7,KCU7,KCZ7,2025-02-13,2000-06-01,19.9,0.7,25.9,18.3,18.4,26.8,25.7,8.4,1.821,30.19,44.65,9.49,7.789999961853027,1448.81005859375,9.920072555541992,109.0500030517578,3315.978759765625,22.36000061035156,0.0,29.139
762,823,886,948,1039,278.5,269.35,261.7,255.8,252.7,KCH7,KCK7,KCN7,KCU7,KCZ7,2025-02-14,2000-06-02,19.0,0.7,25.4,18.3,19.1,7.0,25.4,1.3,1.807,30.34,44.7,9.5575,8.140000343322754,1477.260009765625,10.06215763092041,108.12000274658205,3276.345703125,21.479999542236328,0.6,29.26366666666667
758,819,882,944,1035,279.3,271.7,265.65,260.05,256.75,KCH7,KCK7,KCN7,KCU7,KCZ7,2025-02-18,2000-06-03,18.1,0.0,25.6,15.3,18.8,5.3,25.3,9.2,1.807,30.34,44.7,9.5575,8.140000343322754,1477.260009765625,10.06215763092041,108.12000274658205,3276.345703125,21.479999542236328,0.1,29.372333333333337
757,818,881,943,1034,285.15,278.25,271.9,266.4,262.75,KCH7,KCK7,KCN7,KCU7,KCZ7,2025-02-19,2000-06-04,17.4,0.0,26.1,2.1,18.8,7.6,25.4,8.2,1.807,30.34,44.7,9.5575,8.140000343322754,1477.260009765625,10.06215763092041,108.12000274658205,3276.345703125,21.479999542236328,0.0,29.471333333333337
756,817,880,942,1033,276.1,269.1,263.2,257.25,253.25,KCH7,KCK7,KCN7,KCU7,KCZ7,2025-02-20,2000-06-05,15.8,0.0,27.5,1.4,19.2,11.2,26.1,1.7,1.794,29.87,44.75,9.547,8.0,1467.6300048828125,9.855488777160645,107.45999908447266,3276.345703125,22.709999084472656,1.5,29.554666666666662
755,816,879,941,1032,278.1,271.0,264.9,258.95,254.95,KCH7,KCK7,KCN7,KCU7,KCZ7,2025-02-21,2000-06-06,15.4,0.0,27.8,0.3,18.5,9.2,26.4,0.8,1.793,29.78,44.75,9.675,8.149999618530273,1457.8399658203125,10.075072288513184,106.58999633789062,3342.400390625,23.049999237060547,15.2,29.635
752,813,876,938,1029,273.85,267.05,260.6,254.65,250.4,KCH7,KCK7,KCN7,KCU7,KCZ7,2025-02-24,2000-06-07,16.1,0.0,27.4,6.2,18.1,5.4,25.9,6.0,1.804,29.29,44.83,9.784,8.15999984741211,1471.3599853515625,10.12674045562744,106.18000030517578,3392.603759765625,22.479999542236328,16.2,29.676333333333336
751,812,875,937,1028,266.35,259.5,253.05,247.1,242.85,KCH7,KCK7,KCN7,KCU7,KCZ7,2025-02-25,2000-06-08,16.7,0.0,26.9,13.4,18.0,8.8,26.2,3.4,1.799,29.78,44.85,9.9,8.180000305175781,1461.6700439453125,10.049241065979004,106.70999908447266,3382.0341796875,22.770000457763672,21.3,29.720333333333333
750,811,874,936,1027,265.1,257.95,251.45,245.8,237.8,KCH7,KCK7,KCN7,KCU7,KCZ7,2025-02-26,2000-06-09,17.6,0.0,26.1,4.0,17.5,17.8,25.6,16.3,1.8025,30.22,44.85,9.9325,8.569999694824219,1456.949951171875,9.997573852539062,106.98999786376952,3292.84619140625,22.13999938964844,31.5,29.791
749,810,873,935,1026,263.65,256.3,249.9,244.2,236.2,KCH7,KCK7,KCN7,KCU7,KCZ7,2025-02-27,2000-06-10,17.1,0.0,26.9,0.1,18.4,7.6,25.4,21.1,1.8025,30.22,44.85,9.9325,8.569999694824219,1456.949951171875,9.997573852539062,106.98999786376952,3292.84619140625,22.13999938964844,25.7,29.823333333333338
748,809,872,934,1025,264.25,256.9,250.4,243.5,235.5,KCH7,KCK7,KCN7,KCU7,KCZ7,2025-02-28,2000-06-11,16.5,0.0,26.9,6.1,18.9,6.4,25.2,8.7,1.8025,30.22,44.85,9.9325,8.569999694824219,1456.949951171875,9.997573852539062,106.98999786376952,3292.84619140625,22.13999938964844,18.7,29.842666666666663
745,806,869,931,1022,274.75,267.45,261.0,254.1,246.1,KCH7,KCK7,KCN7,KCU7,KCZ7,2025-03-03,2000-06-12,17.6,0.0,27.3,2.9,18.4,8.8,25.2,14.4,1.805,31.76,44.85,9.857,8.489999771118164,1446.0,9.816737174987791,106.97000122070312,3292.84619140625,22.31999969482422,1.1,29.913333333333338
744,805,868,930,1021,281.05,273.75,267.3,260.4,256.1,KCH7,KCK7,KCN7,KCU7,KCZ7,2025-03-04,2000-06-13,18.5,0.0,27.5,5.7,18.2,8.7,25.2,11.5,1.812,32.73,44.8,9.788,8.720000267028809,1469.43994140625,10.100907325744627,106.4000015258789,3131.023681640625,21.670000076293945,10.8,30.016333333333332
743,804,867,929,1020,288.85,281.3,274.5,267.55,262.6,KCH7,KCK7,KCN7,KCU7,KCZ7,2025-03-05,2000-06-14,18.4,0.0,27.5,4.4,18.9,2.3,25.7,1.4,1.8125,32.72,44.72,9.7875,8.819999694824219,1470.5400390625,10.178409576416016,106.45999908447266,3210.289794921875,21.479999542236328,11.8,30.108666666666668
742,803,866,928,1019,269.1,261.55,254.75,248.0,243.05,KCH7,KCK7,KCN7,KCU7,KCZ7,2025-03-06,2000-06-15,17.6,0.0,26.5,13.2,19.0,9.2,26.2,14.2,1.812,32.7,44.8,9.847,8.520000457763672,1478.72998046875,10.230072975158691,106.87999725341795,3210.289794921875,20.68000030517578,10.2,30.206666666666667
741,802,865,927,1018,267.55,261.1,255.5,249.75,245.1,KCH7,KCK7,KCN7,KCU7,KCZ7,2025-03-07,2000-06-16,16.7,0.0,25.9,11.1,19.0,9.3,25.8,1.1,1.808,32.35,44.83,9.9235,8.1899995803833,1464.4599609375,10.33340835571289,105.95999908447266,3112.528564453125,20.5,4.2,30.305666666666664
738,799,862,924,1015,267.8,261.4,256.0,250.2,245.55,KCH7,KCK7,KCN7,KCU7,KCZ7,2025-03-10,2000-06-17,17.1,0.0,25.9,24.3,18.2,20.6,25.3,7.8,1.808,32.35,44.83,9.9235,8.1899995803833,1464.4599609375,10.33340835571289,105.95999908447266,3112.528564453125,20.5,1.5,30.374666666666663
737,798,861,923,1014,276.4,270.0,264.35,258.55,253.6,KCH7,KCK7,KCN7,KCU7,KCZ7,2025-03-11,2000-06-18,17.5,0.0,26.3,1.9,18.4,9.6,25.2,21.8,1.808,32.35,44.83,9.9235,8.1899995803833,1464.4599609375,10.33340835571289,105.95999908447266,3112.528564453125,20.5,0.4,30.452333333333335
736,797,860,922,1013,272.0,264.7,259.0,252.35,246.65,KCH7,KCK7,KCN7,KCU7,KCZ7,2025-03-12,2000-06-19,18.3,0.0,26.3,15.7,18.1,16.1,25.6,3.4,1.805,31.57,44.85,9.909,8.550000190734863,1486.0,10.25590991973877,106.33000183105467,3112.528564453125,20.6299991607666,0.1,30.504
735,796,859,921,1012,274.55,267.6,261.9,256.15,251.55,KCH7,KCK7,KCN7,KCU7,KCZ7,2025-03-13,2000-06-20,18.5,0.0,26.7,2.5,18.8,7.6,25.4,4.9,1.8,33.07,44.75,9.879,8.619999885559082,1475.949951171875,10.178409576416016,106.33000183105467,2976.642578125,20.8799991607666,0.3,30.605666666666664
734,795,858,920,1011,274.1,267.55,261.85,256.0,249.3,KCH7,KCK7,KCN7,KCU7,KCZ7,2025-03-14,2000-06-21,18.4,1.1,26.2,8.6,18.2,12.7,25.6,1.0,1.815,33.64,44.7,9.815,8.649999618530273,1479.1300048828125,10.281740188598633,107.43000030517578,3025.335205078125,20.61000061035156,0.2,30.773
731,792,855,917,1008,281.75,275.1,269.6,263.75,257.05,KCH7,KCK7,KCN7,KCU7,KCZ7,2025-03-17,2000-06-22,15.8,0.0,26.4,5.7,18.3,11.6,25.9,3.1,1.813,34.72,44.7,9.879,8.510000228881836,1452.1800537109375,10.178409576416016,107.70999908447266,3117.81201171875,22.0,1.2,30.976666666666667
730,791,854,916,1007,282.55,275.55,269.95,263.65,257.4,KCH7,KCK7,KCN7,KCU7,KCZ7,2025-03-18,2000-06-23,14.9,0.0,26.4,10.9,17.7,23.6,25.9,1.4,1.822,34.76,44.75,9.975,8.489999771118164,1441.47998046875,10.12674045562744,108.01000213623048,3142.453857421875,22.34000015258789,0.4,31.139
729,790,853,915,1006,287.35,280.2,274.5,268.5,261.8,KCH7,KCK7,KCN7,KCU7,KCZ7,2025-03-19,2000-06-24,15.1,0.0,26.5,5.9,17.8,21.8,25.9,1.8,1.822,34.76,44.75,9.975,8.489999771118164,1441.47998046875,10.12674045562744,108.01000213623048,3142.453857421875,22.34000015258789,0.6,31.283333333333335
728,789,852,914,1005,287.15,280.1,274.15,267.45,260.75,KCH7,KCK7,KCN7,KCU7,KCZ7,2025-03-20,2000-06-25,16.3,0.0,27.0,1.5,18.4,3.3,26.0,1.9,1.822,34.76,44.75,9.975,8.489999771118164,1441.47998046875,10.12674045562744,108.01000213623048,3142.453857421875,22.34000015258789,0.4,31.45
727,788,851,913,1004,287.05,278.9,272.4,265.0,258.0,KCH7,KCK7,KCN7,KCU7,KCZ7,2025-03-21,2000-06-26,16.7,0.0,26.3,19.0,18.6,6.3,25.6,9.4,1.828,31.56,44.75,10.023,8.569999694824219,1455.31005859375,10.139657974243164,108.11000061035156,3025.335205078125,22.450000762939453,0.5,31.51
724,785,848,910,1001,289.35,281.1,274.5,267.1,260.1,KCH7,KCK7,KCN7,KCU7,KCZ7,2025-03-24,2000-06-27,16.7,0.0,26.6,6.1,18.7,3.6,25.3,16.0,1.823,32.01,44.7,10.087,8.65999984741211,1450.550048828125,10.204240798950195,107.36000061035156,3051.758056640625,21.799999237060547,1.4,31.585
723,784,847,909,1000,295.7,287.3,280.7,272.15,265.15,KCH7,KCK7,KCN7,KCU7,KCZ7,2025-03-25,2000-06-28,15.8,0.0,26.8,10.6,18.6,7.6,25.4,39.3,1.82,31.86,44.72,9.9685,8.649999618530273,1454.8199462890625,10.12674045562744,107.5999984741211,3038.546142578125,20.290000915527344,0.1,31.655
722,783,846,908,999,291.25,282.75,275.85,267.9,260.9,KCH7,KCK7,KCN7,KCU7,KCZ7,2025-03-26,2000-06-29,16.2,0.0,26.5,21.7,18.8,4.8,24.6,2.7,1.817,32.73,44.73,9.888,9.199999809265137,1442.3900146484375,10.307576179504396,106.83999633789062,2948.7109375,19.700000762939453,0.0,31.734
721,782,845,907,998,284.1,275.55,268.05,259.95,252.65,KCH7,KCK7,KCN7,KCU7,KCZ7,2025-03-27,2000-06-30,17.9,0.0,25.7,25.2,18.8,4.2,25.2,0.4,1.804,32.44,44.7,9.843,8.5,1454.5999755859375,10.397993087768556,106.83999633789062,3051.758056640625,19.540000915527344,0.5,31.847666666666665
720,781,844,906,997,288.3,280.8,274.5,267.95,260.7,KCH7,KCK7,KCN7,KCU7,KCZ7,2025-03-28,2000-07-01,18.7,0.0,26.3,6.4,19.1,0.4,24.7,33.2,1.804,32.44,44.7,9.843,8.5,1454.5999755859375,10.397993087768556,106.83999633789062,3051.758056640625,19.540000915527344,1.1,31.922666666666665
717,778,841,903,994,290.85,283.8,278.15,271.55,264.3,KCH7,KCK7,KCN7,KCU7,KCZ7,2025-03-31,2000-07-02,17.8,0.0,26.4,4.3,18.7,5.5,25.1,23.6,1.804,32.44,44.7,9.843,8.5,1454.5999755859375,10.397993087768556,106.83999633789062,3051.758056640625,19.540000915527344,0.0,31.992666666666665
716,777,840,902,993,298.5,291.1,285.05,278.15,271.1,KCH7,KCK7,KCN7,KCU7,KCZ7,2025-04-01,2000-07-03,17.8,0.0,26.2,21.9,18.6,7.5,25.1,19.7,1.809,32.44,44.72,9.5525,8.430000305175781,1469.5400390625,10.35924243927002,107.05999755859376,3131.023681640625,19.829999923706055,0.0,32.062666666666665
1084,776,839,901,992,264.5,292.6,286.4,279.5,270.5,KCH8,KCK7,KCN7,KCU7,KCZ7,2025-04-02,2000-07-04,18.0,0.0,26.1,13.1,18.4,9.0,24.9,15.5,1.809,32.44,44.72,9.5525,8.430000305175781,1469.5400390625,10.35924243927002,107.29000091552734,3104.60205078125,19.829999923706055,0.0,32.132666666666665
1083,775,838,900,991,257.15,290.35,284.1,277.2,268.95,KCH8,KCK7,KCN7,KCU7,KCZ7,2025-04-03,2000-07-05,17.6,0.0,25.8,27.7,17.9,9.5,26.2,1.1,1.805,30.76,44.69,9.515,8.6899995803833,1446.22998046875,10.514244079589844,107.12000274658205,3022.309326171875,21.15999984741211,0.0,32.162333333333336
1082,774,837,899,990,238.0,272.05,265.5,258.05,249.8,KCH8,KCK7,KCN7,KCU7,KCZ7,2025-04-04,2000-07-06,16.9,0.0,26.8,4.4,17.6,11.9,25.9,0.0,1.798,30.19,44.81,9.557,8.859999656677246,1456.6700439453125,10.410907745361328,107.37000274658205,3025.335205078125,20.940000534057617,0.5,32.176
1079,771,834,896,987,237.75,263.35,259.0,254.1,249.55,KCH8,KCK7,KCN7,KCU7,KCZ7,2025-04-07,2000-07-07,16.4,0.0,27.1,1.0,18.1,11.0,26.3,0.0,1.799,30.26,44.78,9.508,8.680000305175781,1478.9000244140625,10.475491523742676,107.6500015258789,3025.335205078125,19.219999313354492,0.0,32.208333333333336
1078,770,833,895,986,252.35,268.1,263.4,258.7,254.2,KCH8,KCK7,KCN7,KCU7,KCZ7,2025-04-08,2000-07-08,16.8,0.7,27.0,0.5,18.5,4.9,25.9,0.1,1.799,30.26,44.78,9.508,8.680000305175781,1478.9000244140625,10.475491523742676,107.6500015258789,3025.335205078125,19.219999313354492,0.3,32.224333333333334
1077,769,832,894,985,259.45,273.05,268.45,264.25,260.3,KCH8,KCK7,KCN7,KCU7,KCZ7,2025-04-09,2000-07-09,16.8,0.0,27.3,3.7,20.0,0.0,26.2,0.6,1.799,30.26,44.78,9.508,8.680000305175781,1478.9000244140625,10.475491523742676,107.6500015258789,3025.335205078125,19.219999313354492,2.0,32.22566666666667
1076,768,831,893,984,258.4,274.4,270.1,265.7,261.65,KCH8,KCK7,KCN7,KCU7,KCZ7,2025-04-10,2000-07-10,17.7,0.0,25.9,10.5,19.9,0.3,26.3,0.3,1.8,29.51,44.75,9.5,8.65999984741211,1475.6199951171875,10.436741828918455,107.01000213623048,3049.114990234375,20.329999923706055,0.7,32.202
1075,767,830,892,983,264.7,279.6,275.25,270.95,266.9,KCH8,KCK7,KCN7,KCU7,KCZ7,2025-04-11,2000-07-11,18.3,0.0,25.3,12.1,19.2,1.5,26.2,0.0,1.799,29.61,44.75,9.439,8.829999923706055,1480.8800048828125,10.436741828918455,107.13999938964844,3038.546142578125,20.11000061035156,1.0,32.181666666666665
1072,764,827,889,980,262.1,282.25,277.4,271.95,266.0,KCH8,KCK7,KCN7,KCU7,KCZ7,2025-04-14,2000-07-12,18.8,0.0,25.9,10.3,19.2,2.6,26.1,0.2,1.805,30.34,44.75,9.4815,9.170000076293944,1492.9200439453125,10.307576179504396,108.12000274658205,3055.06005859375,20.030000686645508,9.7,32.13433333333334
1071,763,826,888,979,264.7,285.65,280.25,274.55,268.6,KCH8,KCK7,KCN7,KCU7,KCZ7,2025-04-15,2000-07-13,18.6,0.0,26.2,1.7,19.4,0.4,26.1,0.5,1.809,31.41,44.78,9.4375,9.220000267028809,1495.8399658203125,10.25590991973877,108.54000091552734,3062.37939453125,20.030000686645508,2.0,32.090333333333334
1070,762,825,887,978,268.45,289.4,284.0,278.3,272.35,KCH8,KCK7,KCN7,KCU7,KCZ7,2025-04-16,2000-07-14,16.7,0.0,26.3,12.6,18.0,18.8,26.2,0.2,1.812,31.31,44.78,9.424,9.199999809265137,1509.97998046875,10.230072975158691,108.4499969482422,3117.81201171875,19.31999969482422,0.6,32.04333333333333
1069,761,824,886,977,268.45,289.4,284.0,278.3,272.35,KCH8,KCK7,KCN7,KCU7,KCZ7,2025-04-17,2000-07-15,17.3,0.0,26.0,8.1,17.8,12.8,25.8,0.1,1.812,31.31,44.78,9.424,9.199999809265137,1509.97998046875,10.230072975158691,108.4499969482422,3117.81201171875,19.31999969482422,0.2,31.997
1065,757,820,882,973,262.5,283.25,277.75,272.15,266.2,KCH8,KCK7,KCN7,KCU7,KCZ7,2025-04-21,2000-07-16,15.9,4.8,25.7,18.1,18.8,3.1,26.1,2.5,1.812,31.31,44.78,9.424,9.199999809265137,1509.97998046875,10.230072975158691,108.4499969482422,3117.81201171875,19.31999969482422,0.5,31.962333333333333
1064,756,819,881,972,267.45,290.15,283.6,277.25,271.15,KCH8,KCK7,KCN7,KCU7,KCZ7,2025-04-22,2000-07-17,12.4,0.0,26.1,5.3,17.7,15.4,26.5,0.4,1.8,30.71,44.74,9.342,9.65999984741211,1510.489990234375,10.204240798950195,108.6999969482422,3117.81201171875,19.450000762939453,0.5,31.907666666666668
1063,755,818,880,971,277.7,300.05,293.55,287.3,281.4,KCH8,KCK7,KCN7,KCU7,KCZ7,2025-04-23,2000-07-18,12.7,0.0,25.7,6.5,17.4,15.1,25.9,1.2,1.798,31.94,44.83,9.3385,10.039999961853027,1493.739990234375,9.920072555541992,109.37999725341795,3117.81201171875,19.75,3.4,31.894
1062,754,817,879,970,285.75,307.4,302.3,296.2,290.55,KCH8,KCK7,KCN7,KCU7,KCZ7,2025-04-24,2000-07-19,16.0,0.0,26.6,2.8,17.8,5.1,25.4,8.4,1.807,31.1,44.85,9.415,9.960000038146973,1481.9599609375,9.920072555541992,109.58999633789062,3117.81201171875,19.649999618530273,7.9,31.87833333333333
1061,753,816,878,969,286.15,305.75,299.6,293.75,288.8,KCH8,KCK7,KCN7,KCU7,KCZ7,2025-04-25,2000-07-20,17.3,0.0,26.9,2.1,18.3,8.5,25.2,3.5,1.8015,30.94,45.02,9.38,10.3100004196167,1495.5699462890625,10.152573585510254,108.61000061035156,3210.289794921875,18.940000534057617,0.0,31.807333333333336
1058,750,813,875,966,290.75,312.2,305.8,299.85,294.9,KCH8,KCK7,KCN7,KCU7,KCZ7,2025-04-28,2000-07-21,16.8,0.1,27.0,1.0,17.6,7.8,24.8,5.6,1.794,28.56,44.8,9.343,10.40999984741211,1480.18994140625,10.204240798950195,108.41999816894533,3144.23486328125,18.940000534057617,0.0,31.638
1057,749,812,874,965,278.35,300.7,293.65,287.45,282.5,KCH8,KCK7,KCN7,KCU7,KCZ7,2025-04-29,2000-07-22,19.1,0.0,27.3,0.4,18.4,5.7,25.2,10.8,1.794,28.56,44.8,9.343,10.40999984741211,1480.18994140625,10.204240798950195,108.41999816894533,3144.23486328125,18.940000534057617,0.0,31.432666666666663
1056,748,811,873,964,281.4,304.2,297.25,290.85,285.55,KCH8,KCK7,KCN7,KCU7,KCZ7,2025-04-30,2000-07-23,19.5,0.1,27.2,2.0,19.5,0.2,25.5,2.3,1.794,28.56,44.8,9.343,10.40999984741211,1480.18994140625,10.204240798950195,108.41999816894533,3144.23486328125,18.940000534057617,0.0,31.226
1055,747,810,872,963,269.55,292.0,285.2,278.95,273.5,KCH8,KCK7,KCN7,KCU7,KCZ7,2025-05-01,2000-07-24,18.3,0.5,27.3,9.2,19.4,1.0,25.8,0.7,1.797,27.97,44.77,9.329,10.239999771118164,1464.2900390625,10.540078163146973,108.69000244140624,3144.23486328125,19.920000076293945,0.0,30.999666666666663
1054,746,809,871,962,271.7,294.45,287.65,281.4,275.95,KCH8,KCK7,KCN7,KCU7,KCZ7,2025-05-02,2000-07-25,16.0,2.8,26.5,17.0,18.5,15.5,25.4,4.8,1.79,27.89,44.95,9.3585,10.43000030517578,1474.469970703125,10.540078163146973,108.37999725341795,3094.48193359375,19.38999938964844,0.0,30.770666666666667
1051,743,806,868,959,274.4,297.15,290.35,284.1,278.65,KCH8,KCK7,KCN7,KCU7,KCZ7,2025-05-05,2000-07-26,17.3,0.6,26.2,10.1,17.7,12.8,25.3,4.7,1.793,27.81,44.98,9.362,10.600000381469728,1452.4200439453125,10.591747283935549,108.11000061035156,3025.335205078125,19.670000076293945,0.0,30.645666666666667
1050,742,805,867,958,276.6,299.35,292.55,286.3,280.85,KCH8,KCK7,KCN7,KCU7,KCZ7,2025-05-06,2000-07-27,17.9,0.0,26.5,2.4,18.1,16.6,25.6,0.4,1.7845,28.21,44.95,9.37,10.779999732971191,1449.6199951171875,10.540078163146973,108.88999938964844,3025.335205078125,19.600000381469727,0.0,30.519
1049,741,804,866,957,270.85,295.95,289.2,282.95,277.5,KCH8,KCK7,KCN7,KCU7,KCZ7,2025-05-07,2000-07-28,15.9,0.0,25.9,14.1,17.6,12.3,24.7,25.2,1.786,28.22,44.96,9.364,10.890000343322754,1419.8900146484375,10.643412590026855,109.73999786376952,3012.123779296875,20.84000015258789,0.0,30.397666666666662
1048,740,803,865,956,270.35,297.4,290.45,283.1,277.05,KCH8,KCK7,KCN7,KCU7,KCZ7,2025-05-08,2000-07-29,14.3,0.0,26.4,2.7,17.2,22.5,25.1,1.7,1.786,28.22,44.96,9.364,10.890000343322754,1419.8900146484375,10.643412590026855,109.73999786376952,3012.123779296875,20.84000015258789,0.8,30.247333333333337
1047,739,802,864,955,271.65,298.4,291.7,284.4,278.35,KCH8,KCK7,KCN7,KCU7,KCZ7,2025-05-09,2000-07-30,14.5,0.0,27.3,0.4,17.8,16.3,25.2,8.2,1.786,28.22,44.96,9.364,10.890000343322754,1419.8900146484375,10.643412590026855,109.73999786376952,3012.123779296875,20.84000015258789,0.0,30.106666666666666
1044,736,799,861,952,258.5,286.15,278.4,271.3,265.2,KCH8,KCK7,KCN7,KCU7,KCZ7,2025-05-12,2000-07-31,15.3,0.0,27.4,3.6,18.1,10.2,25.0,9.1,1.776,27.5,45.15,9.368,10.399999618530272,1430.8299560546875,10.772578239440918,109.56999969482422,3104.60205078125,20.739999771118164,0.3,29.942
1043,735,798,860,951,264.95,292.3,284.9,277.4,271.2,KCH8,KCK7,KCN7,KCU7,KCZ7,2025-05-13,2000-08-01,15.8,0.0,26.9,3.7,18.5,4.7,25.1,2.3,1.786,27.85,45.15,9.345,10.350000381469728,1438.0999755859375,10.669244766235352,110.0500030517578,3144.23486328125,20.549999237060547,0.0,29.789
1042,734,797,859,950,259.5,286.2,279.1,271.95,265.75,KCH8,KCK7,KCN7,KCU7,KCZ7,2025-05-14,2000-08-02,17.2,0.0,27.0,1.4,18.4,6.7,24.8,9.3,1.792,28.27,45.4,9.345,10.789999961853027,1438.699951171875,10.656328201293944,110.66999816894533,3131.023681640625,20.0,0.0,29.65
1041,733,796,858,949,266.7,293.45,286.35,279.15,272.95,KCH8,KCK7,KCN7,KCU7,KCZ7,2025-05-15,2000-08-03,18.6,0.0,26.8,6.7,17.7,14.7,25.0,4.5,1.802,28.92,45.4,9.388,11.0600004196167,1452.56005859375,10.74674129486084,110.9800033569336,3170.65673828125,19.989999771118164,0.0,29.532666666666668
1040,732,795,857,948,262.25,288.95,281.85,274.7,268.5,KCH8,KCK7,KCN7,KCU7,KCZ7,2025-05-16,2000-08-04,17.6,2.0,25.9,13.6,18.1,11.0,25.1,11.9,1.793,29.94,45.4,9.357,10.800000190734863,1462.9300537109375,10.617576599121094,110.8499984741211,3249.92333984375,18.6200008392334,0.0,29.505333333333333
1037,729,792,854,945,270.5,297.2,290.1,282.95,276.75,KCH8,KCK7,KCN7,KCU7,KCZ7,2025-05-19,2000-08-05,14.7,0.0,26.2,5.6,17.5,12.0,25.1,7.8,1.793,29.94,45.4,9.357,10.800000190734863,1462.9300537109375,10.617576599121094,110.8499984741211,3249.92333984375,18.6200008392334,0.4,29.497
1036,728,791,853,944,268.45,294.95,288.05,280.9,274.7,KCH8,KCK7,KCN7,KCU7,KCZ7,2025-05-20,2000-08-06,15.2,0.0,26.6,6.0,18.3,5.3,25.5,4.4,1.793,29.94,45.4,9.357,10.800000190734863,1462.9300537109375,10.617576599121094,110.8499984741211,3249.92333984375,18.6200008392334,0.0,29.48633333333333
1035,727,790,852,943,275.5,297.35,290.45,284.0,277.95,KCH8,KCK7,KCN7,KCU7,KCZ7,2025-05-21,2000-08-07,17.0,0.0,26.2,9.1,18.0,10.2,25.1,9.7,1.796,28.93,45.62,9.337,10.5,1479.3199462890625,10.643412590026855,110.8000030517578,3355.612060546875,19.030000686645508,0.7,29.442
1034,726,789,851,942,269.3,291.9,285.2,278.25,272.0,KCH8,KCK7,KCN7,KCU7,KCZ7,2025-05-22,2000-08-08,18.7,0.0,26.4,5.2,18.0,8.6,25.1,13.3,1.8,29.26,45.8,9.35,10.699999809265137,1482.800048828125,10.50132656097412,111.31999969482422,3249.92333984375,18.790000915527344,0.0,29.408666666666665
1033,725,788,850,941,270.9,293.0,286.5,279.55,273.6,KCH8,KCK7,KCN7,KCU7,KCZ7,2025-05-23,2000-08-09,19.7,0.0,27.0,1.2,18.2,12.0,25.0,10.4,1.7965,30.38,45.7,9.327,10.59000015258789,1472.8699951171875,10.488409042358398,111.44000244140624,3249.92333984375,19.18000030517578,0.0,29.437666666666665
1029,721,784,846,937,272.65,294.8,288.45,281.45,275.35,KCH8,KCK7,KCN7,KCU7,KCZ7,2025-05-27,2000-08-10,20.3,0.0,27.6,2.5,18.6,11.5,24.9,7.2,1.798,31.09,45.9,9.322,10.40999984741211,1460.25,10.410907745361328,110.9000015258789,3305.409423828125,19.190000534057617,0.0,29.487
1028,720,783,845,936,265.1,288.2,281.0,273.6,267.8,KCH8,KCK7,KCN7,KCU7,KCZ7,2025-05-28,2000-08-11,21.0,0.0,27.4,8.1,19.1,2.7,25.1,11.2,1.796,31.02,45.9,9.279,10.649999618530272,1471.8399658203125,10.475491523742676,111.20999908447266,3434.878662109375,18.549999237060547,0.0,29.509666666666664
1027,719,782,844,935,261.85,284.45,277.8,270.6,264.55,KCH8,KCK7,KCN7,KCU7,KCZ7,2025-05-29,2000-08-12,16.2,0.0,27.1,5.0,19.0,1.8,24.9,6.2,1.796,31.02,45.9,9.279,10.649999618530272,1471.8399658203125,10.475491523742676,111.20999908447266,3434.878662109375,18.549999237060547,0.0,29.496666666666663
1026,718,781,843,934,260.4,282.3,275.95,269.1,263.2,KCH8,KCK7,KCN7,KCU7,KCZ7,2025-05-30,2000-08-13,14.5,0.0,26.9,7.9,18.3,1.5,25.2,21.2,1.796,31.02,45.9,9.279,10.649999618530272,1471.8399658203125,10.475491523742676,111.20999908447266,3434.878662109375,18.549999237060547,0.0,29.487
1023,715,778,840,931,261.5,283.3,277.1,270.2,264.3,KCH8,KCK7,KCN7,KCU7,KCZ7,2025-06-02,2000-08-14,15.9,0.0,26.8,5.1,19.7,0.0,24.6,5.0,1.804,31.92,45.85,9.246,10.770000457763672,1491.56005859375,10.436741828918455,111.08000183105467,3474.51123046875,17.8799991607666,0.0,29.507333333333335
1022,714,777,839,930,261.85,283.7,277.65,270.55,264.65,KCH8,KCK7,KCN7,KCU7,KCZ7,2025-06-03,2000-08-15,16.6,0.0,27.0,4.8,19.6,2.4,24.9,0.9,1.805,31.43,45.8,9.24,10.65999984741211,1484.4300537109375,10.488409042358398,110.51000213623048,3593.411376953125,17.979999542236328,0.0,29.511333333333333
1021,713,776,838,929,268.45,290.1,284.1,276.9,271.25,KCH8,KCK7,KCN7,KCU7,KCZ7,2025-06-04,2000-08-16,18.7,0.0,26.2,6.2,19.0,3.5,25.0,16.0,1.808,31.91,45.8,9.183,10.699999809265137,1479.8499755859375,10.63049602508545,110.26000213623048,3725.522705078125,18.020000457763672,0.0,29.551333333333332
1020,712,775,837,928,275.8,297.7,291.65,284.4,278.4,KCH8,KCK7,KCN7,KCU7,KCZ7,2025-06-05,2000-08-17,18.5,0.0,25.5,24.9,19.1,13.1,25.0,1.6,1.809,31.88,45.95,9.189,10.510000228881836,1496.0699462890625,10.617576599121094,110.11000061035156,3725.522705078125,17.479999542236328,0.0,29.549333333333333
1019,711,774,836,927,274.9,296.65,289.85,283.05,277.6,KCH8,KCK7,KCN7,KCU7,KCZ7,2025-06-06,2000-08-18,18.6,0.0,25.2,16.0,19.1,3.2,25.3,1.2,1.817,31.97,45.9,9.25,10.699999809265137,1491.719970703125,10.591747283935549,111.01000213623048,3712.309814453125,17.049999237060547,0.0,29.578333333333333
1016,708,771,833,924,276.4,298.55,291.95,284.45,279.2,KCH8,KCK7,KCN7,KCU7,KCZ7,2025-06-09,2000-08-19,19.1,0.2,25.6,8.6,20.0,0.0,25.3,6.7,1.817,31.97,45.9,9.25,10.699999809265137,1491.719970703125,10.591747283935549,111.01000213623048,3712.309814453125,17.049999237060547,0.7,29.612666666666662
1015,707,770,832,923,270.65,292.9,285.9,278.15,273.2,KCH8,KCK7,KCN7,KCU7,KCZ7,2025-06-10,2000-08-20,19.1,0.0,25.5,22.4,20.5,0.0,25.1,7.9,1.817,31.97,45.9,9.25,10.699999809265137,1491.719970703125,10.591747283935549,111.01000213623048,3712.309814453125,17.049999237060547,0.1,29.726333333333336
1014,706,769,831,922,266.5,288.5,281.45,273.6,268.9,KCH8,KCK7,KCN7,KCU7,KCZ7,2025-06-11,2000-08-21,18.5,0.0,25.5,16.3,20.1,1.3,25.3,15.5,1.821,32.42,45.73,9.261,10.699999809265137,1499.47998046875,10.488409042358398,111.45999908447266,3765.15478515625,17.350000381469727,0.0,29.855
1013,705,768,830,921,262.85,285.25,278.2,270.35,265.5,KCH8,KCK7,KCN7,KCU7,KCZ7,2025-06-12,2000-08-22,19.0,0.0,26.2,1.8,20.5,0.4,26.2,0.6,1.818,31.24,45.75,9.239,10.619999885559082,1498.1300048828125,10.565911293029783,111.79000091552734,3741.375244140625,17.469999313354492,0.0,29.944333333333336
1012,704,767,829,920,264.3,286.65,279.85,272.15,266.95,KCH8,KCK7,KCN7,KCU7,KCZ7,2025-06-13,2000-08-23,19.1,0.0,26.8,0.8,20.7,0.0,26.4,3.7,1.818,31.23,45.9,9.2725,10.479999542236328,1505.969970703125,10.940496444702148,111.41999816894533,3791.577880859375,17.3799991607666,0.0,30.053
1009,701,764,826,917,260.45,282.8,276.2,268.6,263.1,KCH8,KCK7,KCN7,KCU7,KCZ7,2025-06-16,2000-08-24,20.5,0.0,25.6,19.2,20.3,3.5,25.8,1.9,1.822,33.41,46.05,9.244,10.359999656677246,1508.31005859375,11.315081596374512,111.2300033569336,3672.67822265625,17.040000915527344,0.0,30.237
1008,700,763,825,916,257.75,280.2,273.8,266.05,260.75,KCH8,KCK7,KCN7,KCU7,KCZ7,2025-06-17,2000-08-25,21.8,0.0,25.7,11.1,18.8,20.3,25.9,1.6,1.823,34.01,46.05,9.232,10.81999969482422,1506.449951171875,11.366748809814451,111.3499984741211,3672.67822265625,16.530000686645508,0.0,30.443666666666665
1007,699,762,824,915,248.65,271.75,265.15,257.2,251.5,KCH8,KCK7,KCN7,KCU7,KCZ7,2025-06-18,2000-08-26,23.7,0.0,26.2,5.5,19.8,0.4,26.0,1.7,1.823,34.01,46.05,9.232,10.81999969482422,1506.449951171875,11.366748809814451,111.3499984741211,3672.67822265625,16.530000686645508,1.4,30.637
1005,697,760,822,913,242.55,266.8,259.55,250.3,244.9,KCH8,KCK7,KCN7,KCU7,KCZ7,2025-06-20,2000-08-27,23.7,0.0,26.7,18.5,20.5,3.8,25.9,0.3,1.823,34.01,46.05,9.232,10.81999969482422,1506.449951171875,11.366748809814451,111.3499984741211,3672.67822265625,16.530000686645508,0.0,30.83
1002,694,757,819,910,250.55,274.75,267.25,258.05,252.8,KCH8,KCK7,KCN7,KCU7,KCZ7,2025-06-23,2000-08-28,23.9,4.2,27.0,9.8,19.8,2.4,26.3,0.7,1.829,32.92,45.83,9.213,10.800000190734863,1514.0899658203125,11.134248733520508,111.45999908447266,3751.945068359375,16.540000915527344,0.0,30.986666666666665
1001,693,756,818,909,241.7,264.1,256.95,248.45,243.7,KCH8,KCK7,KCN7,KCU7,KCZ7,2025-06-24,2000-08-29,18.9,27.5,26.2,16.4,19.7,1.8,26.2,0.9,1.832,32.73,46.0,9.2325,10.729999542236328,1509.8399658203125,11.08258056640625,112.1999969482422,3659.466796875,16.889999389648438,0.2,31.137
1000,692,755,817,908,237.0,259.7,252.85,244.15,239.3,KCH8,KCK7,KCN7,KCU7,KCZ7,2025-06-25,2000-08-30,19.5,3.5,25.9,12.2,19.9,5.1,26.4,1.9,1.8241,33.25,45.9,9.214,10.760000228881836,1502.5899658203125,11.005080223083496,112.13999938964844,3672.67822265625,17.690000534057617,0.7,31.328666666666667
999,691,754,816,907,238.45,261.9,254.9,246.1,240.75,KCH8,KCK7,KCN7,KCU7,KCZ7,2025-06-26,2000-08-31,20.2,0.0,26.0,13.0,19.2,17.4,26.6,0.5,1.82,33.09,45.9,9.2,10.5600004196167,1517.6800537109375,11.05674648284912,112.5999984741211,3685.888427734375,16.84000015258789,0.7,31.503333333333337
998,690,753,815,906,239.6,261.15,254.85,246.85,241.85,KCH8,KCK7,KCN7,KCU7,KCZ7,2025-06-27,2000-09-01,20.4,0.7,26.0,6.3,18.3,38.0,26.3,1.6,1.824,33.42,45.8,9.2075,10.81999969482422,1520.77001953125,11.34091567993164,111.41999816894533,3633.044189453125,17.530000686645508,0.0,31.675
995,687,750,812,903,240.35,259.95,254.15,247.35,242.85,KCH8,KCK7,KCN7,KCU7,KCZ7,2025-06-30,2000-09-02,19.1,15.8,26.8,0.4,18.5,11.5,26.4,3.8,1.824,33.42,45.8,9.2075,10.81999969482422,1520.77001953125,11.34091567993164,111.41999816894533,3633.044189453125,17.530000686645508,0.0,31.825
994,686,749,811,902,234.1,252.15,246.7,240.65,236.35,KCH8,KCK7,KCN7,KCU7,KCZ7,2025-07-01,2000-09-03,18.0,11.4,27.4,0.9,19.3,4.7,25.9,10.3,1.824,33.42,45.8,9.2075,10.81999969482422,1520.77001953125,11.34091567993164,111.41999816894533,3633.044189453125,17.530000686645508,0.0,31.941
993,685,748,810,901,233.8,252.0,247.2,241.65,236.75,KCH8,KCK7,KCN7,KCU7,KCZ7,2025-07-02,2000-09-04,15.5,4.7,27.0,0.3,17.8,17.1,25.8,1.0,1.824,33.42,45.8,9.2075,10.81999969482422,1520.77001953125,11.34091567993164,111.41999816894533,3540.56689453125,17.530000686645508,0.0,32.057
992,684,747,809,900,233.5,251.9,247.05,241.8,237.0,KCH8,KCK7,KCN7,KCU7,KCZ7,2025-07-03,2000-09-05,15.7,0.0,26.4,7.9,18.0,8.9,26.1,5.3,1.8278,33.92,45.74,9.255,10.43000030517578,1507.0799560546875,10.759662628173828,112.41000366210938,3685.888427734375,19.81999969482422,0.0,32.18966666666667
988,680,743,805,896,223.45,241.25,236.75,232.0,227.2,KCH8,KCK7,KCN7,KCU7,KCZ7,2025-07-07,2000-09-06,16.3,32.0,26.8,2.6,18.0,9.2,25.3,20.3,1.821,34.97,45.65,9.318,10.380000114440918,1492.25,10.656328201293944,114.12000274658205,3699.099609375,20.790000915527344,0.0,32.391
987,679,742,804,895,230.25,247.75,243.3,238.8,234.0,KCH8,KCK7,KCN7,KCU7,KCZ7,2025-07-08,2000-09-07,15.2,5.4,27.0,3.8,18.4,2.1,25.3,11.1,1.8221,35.18,46.05,9.314,10.729999542236328,1502.510009765625,10.798412322998049,113.6500015258789,3725.522705078125,19.420000076293945,0.0,32.58833333333333
986,678,741,803,894,229.6,246.6,242.5,237.9,233.25,KCH8,KCK7,KCN7,KCU7,KCZ7,2025-07-09,2000-09-08,16.9,0.2,26.3,14.1,19.0,8.0,25.1,10.7,1.822,33.62,45.73,9.327,10.670000076293944,1494.5,10.604660987854004,114.33999633789062,3802.146484375,18.459999084472656,0.0,32.696333333333335
985,677,740,802,893,233.3,249.25,245.1,240.85,236.4,KCH8,KCK7,KCN7,KCU7,KCZ7,2025-07-10,2000-09-09,15.9,3.2,26.5,4.0,18.7,11.8,25.1,16.7,1.822,33.62,45.73,9.327,10.670000076293944,1494.5,10.604660987854004,114.33999633789062,3802.146484375,18.459999084472656,0.0,32.78066666666667
984,676,739,801,892,235.3,248.85,245.4,241.75,238.05,KCH8,KCK7,KCN7,KCU7,KCZ7,2025-07-11,2000-09-10,17.1,0.1,26.4,4.9,18.9,13.8,24.8,11.6,1.822,33.62,45.73,9.327,10.670000076293944,1494.5,10.604660987854004,114.33999633789062,3802.146484375,18.459999084472656,0.0,32.867333333333335
981,673,736,798,889,246.15,260.75,257.35,253.2,249.2,KCH8,KCK7,KCN7,KCU7,KCZ7,2025-07-14,2000-09-11,18.7,0.0,26.3,5.5,19.0,4.6,25.7,7.1,1.8187,35.14,45.65,9.2825,10.399999618530272,1489.260009765625,10.74674129486084,115.37000274658205,3778.36669921875,18.399999618530273,0.0,33.004666666666665
980,672,735,797,888,243.55,256.6,253.5,249.9,246.3,KCH8,KCK7,KCN7,KCU7,KCZ7,2025-07-15,2000-09-12,18.8,0.0,26.9,0.4,19.3,5.6,25.5,1.9,1.827,34.25,45.7,9.251,10.470000267028809,1481.989990234375,10.70799446105957,115.16999816894533,3646.255859375,18.59000015258789,0.0,33.11233333333333
979,671,734,796,887,251.85,264.75,261.6,258.05,254.5,KCH8,KCK7,KCN7,KCU7,KCZ7,2025-07-16,2000-09-13,18.9,0.0,26.7,13.0,19.0,8.0,25.3,7.4,1.835,33.87,45.7,9.283,10.529999732971191,1484.9100341796875,10.798412322998049,115.33999633789062,3640.970703125,18.31999969482422,0.0,33.17733333333333
978,670,733,795,886,249.3,262.0,259.0,255.5,251.85,KCH8,KCK7,KCN7,KCU7,KCZ7,2025-07-17,2000-09-14,20.0,0.0,26.3,9.0,18.4,8.1,25.3,7.4,1.833,34.37,45.8,9.307,10.359999656677246,1480.8699951171875,10.74674129486084,115.16000366210938,3685.888427734375,18.260000228881836,0.0,33.275333333333336
977,669,732,794,885,247.65,259.85,256.85,253.45,249.95,KCH8,KCK7,KCN7,KCU7,KCZ7,2025-07-18,2000-09-15,20.5,0.1,25.4,14.3,18.0,9.8,24.8,4.5,1.8445,35.87,45.85,9.361,9.779999732971191,1465.81005859375,10.720911026000977,115.94000244140624,3540.56689453125,18.520000457763672,0.0,33.407333333333334
974,666,729,791,882,241.15,253.3,250.3,247.0,243.75,KCH8,KCK7,KCN7,KCU7,KCZ7,2025-07-21,2000-09-16,20.9,2.4,25.5,12.9,18.8,7.5,25.2,9.9,1.8445,35.87,45.85,9.361,9.779999732971191,1465.81005859375,10.720911026000977,115.94000244140624,3540.56689453125,18.520000457763672,0.0,33.540333333333336
973,665,728,790,881,244.8,255.55,253.1,250.15,247.2,KCH8,KCK7,KCN7,KCU7,KCZ7,2025-07-22,2000-09-17,20.7,0.5,26.6,2.0,18.6,8.2,24.9,23.3,1.8445,35.87,45.85,9.361,9.779999732971191,1465.81005859375,10.720911026000977,115.94000244140624,3540.56689453125,18.520000457763672,0.0,33.67033333333333
972,664,727,789,880,248.0,259.25,256.5,253.35,250.45,KCH8,KCK7,KCN7,KCU7,KCZ7,2025-07-23,2000-09-18,20.1,0.0,26.8,7.4,18.6,12.9,25.0,19.5,1.859,36.75,46.15,9.4225,9.649999618530272,1444.510009765625,10.540078163146973,116.0,3421.667724609375,20.25,0.0,33.82966666666667
971,663,726,788,879,251.05,262.1,259.35,256.35,253.5,KCH8,KCK7,KCN7,KCU7,KCZ7,2025-07-24,2000-09-19,20.6,0.1,26.8,5.8,18.9,14.1,24.4,20.8,1.855,36.96,46.45,9.422,9.800000190734863,1459.9000244140625,10.69508171081543,116.11000061035156,3355.612060546875,19.540000915527344,1.1,33.995999999999995
970,662,725,787,878,246.95,257.6,254.95,251.85,249.25,KCH8,KCK7,KCN7,KCU7,KCZ7,2025-07-25,2000-09-20,19.2,0.0,26.7,7.6,17.3,12.7,24.5,7.8,1.857,37.22,46.3,9.456,9.4399995803833,1451.3399658203125,10.70799446105957,116.41000366210938,3382.0341796875,19.93000030517578,0.0,34.156
967,659,722,784,875,250.4,261.95,259.35,256.2,253.0,KCH8,KCK7,KCN7,KCU7,KCZ7,2025-07-28,2000-09-21,18.6,0.0,26.3,4.2,18.4,1.1,24.6,14.0,1.854,33.84,46.09,9.436,9.15999984741211,1449.050048828125,10.837162971496582,115.2699966430664,3355.612060546875,20.18000030517578,0.0,34.242666666666665
966,658,721,783,874,249.45,259.95,257.45,254.7,251.9,KCH8,KCK7,KCN7,KCU7,KCZ7,2025-07-29,2000-09-22,19.8,0.0,25.2,13.2,18.5,7.4,24.9,25.5,1.8575,32.66,46.18,9.475,9.5600004196167,1448.719970703125,11.211747169494627,113.55999755859376,3395.244873046875,20.739999771118164,0.0,34.290333333333336
965,657,720,782,873,247.85,257.35,255.15,252.6,250.05,KCH8,KCK7,KCN7,KCU7,KCZ7,2025-07-30,2000-09-23,20.0,0.0,26.5,1.1,18.0,10.6,25.0,30.3,1.8575,32.66,46.18,9.475,9.5600004196167,1448.719970703125,11.211747169494627,113.55999755859376,3395.244873046875,20.739999771118164,0.0,34.26533333333334
964,656,719,781,872,249.45,258.65,256.55,254.05,251.5,KCH8,KCK7,KCN7,KCU7,KCZ7,2025-07-31,2000-09-24,20.9,0.0,27.0,2.3,17.8,13.7,25.6,1.9,1.8575,32.66,46.18,9.475,9.5600004196167,1448.719970703125,11.211747169494627,113.55999755859376,3395.244873046875,20.739999771118164,0.0,34.22033333333333
963,655,718,780,871,239.4,248.25,246.3,244.0,241.4,KCH8,KCK7,KCN7,KCU7,KCZ7,2025-08-01,2000-09-25,21.3,0.1,27.2,3.6,18.7,5.1,25.4,2.3,1.844,31.5,46.16,9.428,9.739999771118164,1439.030029296875,11.160082817077637,114.05999755859376,3382.0341796875,21.40999984741211,0.0,34.13666666666666
960,652,715,777,868,243.8,252.15,250.3,248.0,245.8,KCH8,KCK7,KCN7,KCU7,KCZ7,2025-08-04,2000-09-26,15.7,9.9,27.2,7.4,18.7,11.8,25.7,2.6,1.8517,31.78,46.1,9.4035,9.720000267028809,1427.2099609375,11.25049877166748,113.16000366210938,3315.978759765625,21.8799991607666,0.0,34.062333333333335
959,651,714,776,867,251.9,259.3,257.75,255.85,253.85,KCH8,KCK7,KCN7,KCU7,KCZ7,2025-08-05,2000-09-27,15.0,9.2,26.5,25.7,18.0,3.1,25.0,4.8,1.849,31.23,46.15,9.4145,9.850000381469728,1426.5699462890625,11.202059745788574,113.11000061035156,3236.712646484375,21.670000076293945,0.0,34.006
958,650,713,775,866,248.15,255.0,253.5,251.65,249.9,KCH8,KCK7,KCN7,KCU7,KCZ7,2025-08-06,2000-09-28,16.9,0.3,26.4,7.3,18.4,16.1,24.8,16.0,1.8482,30.26,46.05,9.426,9.829999923706056,1458.2900390625,11.211747169494627,113.30999755859376,3170.65673828125,19.469999313354492,0.0,33.92366666666667
957,649,712,774,865,252.0,259.15,257.6,255.75,253.85,KCH8,KCK7,KCN7,KCU7,KCZ7,2025-08-07,2000-09-29,18.6,0.0,26.7,4.3,18.1,17.7,24.8,23.8,1.844,30.87,46.06,9.44,9.770000457763672,1436.510009765625,11.10841464996338,113.25,3226.1435546875,20.56999969482422,0.0,33.84433333333333
956,648,711,773,864,260.05,267.6,265.8,263.8,261.9,KCH8,KCK7,KCN7,KCU7,KCZ7,2025-08-08,2000-09-30,19.3,0.0,26.6,8.4,17.9,17.0,24.9,8.0,1.844,30.87,46.06,9.44,9.770000457763672,1436.510009765625,11.10841464996338,113.25,3226.1435546875,20.56999969482422,0.0,33.77033333333333
953,645,708,770,861,266.35,275.6,273.4,270.7,268.25,KCH8,KCK7,KCN7,KCU7,KCZ7,2025-08-11,2000-10-01,20.2,2.4,26.3,5.7,18.3,19.0,24.5,21.6,1.844,30.87,46.06,9.44,9.770000457763672,1436.510009765625,11.10841464996338,113.25,3226.1435546875,20.56999969482422,0.0,33.68533333333333
952,644,707,769,860,260.2,269.8,267.3,264.65,262.4,KCH8,KCK7,KCN7,KCU7,KCZ7,2025-08-12,2000-10-02,21.1,0.1,25.4,10.3,18.4,4.4,24.9,9.6,1.847,32.05,46.1,9.4075,9.640000343322754,1436.22998046875,11.263413429260254,113.79000091552734,3302.767578125,21.229999542236328,0.0,33.63966666666666
951,643,706,768,859,262.05,273.2,270.35,267.25,264.35,KCH8,KCK7,KCN7,KCU7,KCZ7,2025-08-13,2000-10-03,22.3,0.2,26.0,10.3,18.0,7.1,24.4,12.2,1.848,31.86,46.18,9.399,9.710000038146973,1426.4599609375,11.289247512817385,114.22000122070312,3339.758056640625,21.850000381469727,0.0,33.587666666666664
950,642,705,767,858,266.8,278.65,275.7,272.4,269.4,KCH8,KCK7,KCN7,KCU7,KCZ7,2025-08-14,2000-10-04,23.6,0.2,26.1,12.7,18.2,10.7,24.6,32.9,1.852,30.91,46.17,9.44,10.0,1434.3199462890625,11.10841464996338,114.16999816894533,3318.62158203125,21.540000915527344,0.0,33.504
949,641,704,766,857,275.35,288.2,285.05,281.7,278.35,KCH8,KCK7,KCN7,KCU7,KCZ7,2025-08-15,2000-10-05,23.6,0.6,26.1,9.7,18.5,8.3,25.3,12.7,1.852,30.66,46.17,9.4575,10.029999732971191,1436.280029296875,11.237581253051758,114.73999786376952,3368.82373046875,21.030000686645508,0.0,33.39533333333333
577,638,701,763,854,293.3,289.05,286.0,279.1,275.75,KCH7,KCK7,KCN7,KCU7,KCZ7,2025-08-18,2000-10-06,22.0,17.5,25.6,11.5,18.9,3.2,25.6,5.3,1.855,30.86,46.17,9.466,10.079999923706056,1408.989990234375,11.147162437438965,114.8499984741211,3355.612060546875,22.709999084472656,0.7,33.25833333333333
