cycle_id,timestamp,agent,direction,confidence,prob_bullish,actual
KC-3e25085f,2026-02-10 13:54:00.389640+00:00,agronomist,NEUTRAL,0.65,0.5,BEARISH
KC-3e25085f,2026-02-10 13:54:00.389640+00:00,macro,BEARISH,0.8,0.1999999999999999,BEARISH
KC-3e25085f,2026-02-10 13:54:00.389640+00:00,geopolitical,BULLISH,0.9,0.9,BEARISH
KC-3e25085f,2026-02-10 13:54:00.389640+00:00,supply_chain,BULLISH,0.9,0.9,BEARISH
KC-3e25085f,2026-02-10 13:54:00.389640+00:00,inventory,BULLISH,0.9,0.9,BEARISH
KC-3e25085f,2026-02-10 13:54:00.389640+00:00,sentiment,BEARISH,0.85,0.15,BEARISH
KC-3e25085f,2026-02-10 13:54:00.389640+00:00,technical,NEUTRAL,0.65,0.5,BEARISH
KC-3e25085f,2026-02-10 13:54:00.389640+00:00,volatility,BEARISH,0.9,0.0999999999999999,BEARISH
KC-3e25085f,2026-02-10 13:54:00.389640+00:00,master_decision,NEUTRAL,0.7,0.5,BEARISH
KC-eb4e2149,2026-02-10 13:57:15.351895+00:00,agronomist,BEARISH,0.8,0.1999999999999999,BULLISH
KC-eb4e2149,2026-02-10 13:57:15.351895+00:00,macro,BEARISH,0.7,0.3,BULLISH
KC-eb4e2149,2026-02-10 13:57:15.351895+00:00,geopolitical,BULLISH,0.8,0.8,BULLISH
KC-eb4e2149,2026-02-10 13:57:15.351895+00:00,supply_chain,BULLISH,0.3,0.3,BULLISH
KC-eb4e2149,2026-02-10 13:57:15.351895+00:00,inventory,BEARISH,0.85,0.15,BULLISH
KC-eb4e2149,2026-02-10 13:57:15.351895+00:00,sentiment,BULLISH,0.85,0.85,BULLISH
KC-eb4e2149,2026-02-10 13:57:15.351895+00:00,technical,BEARISH,0.65,0.35,BULLISH
KC-eb4e2149,2026-02-10 13:57:15.351895+00:00,volatility,BEARISH,0.9,0.0999999999999999,BULLISH
KC-eb4e2149,2026-02-10 13:57:15.351895+00:00,master_decision,BEARISH,0.7,0.3,BULLISH
KC-24798e3a,2026-02-10 13:59:32.329435+00:00,agronomist,BEARISH,0.8,0.1999999999999999,BULLISH
KC-24798e3a,2026-02-10 13:59:32.329435+00:00,macro,BEARISH,0.8,0.1999999999999999,BULLISH
KC-24798e3a,2026-02-10 13:59:32.329435+00:00,geopolitical,NEUTRAL,0.8,0.5,BULLISH
KC-24798e3a,2026-02-10 13:59:32.329435+00:00,supply_chain,BULLISH,0.3,0.3,BULLISH
KC-24798e3a,2026-02-10 13:59:32.329435+00:00,sentiment,NEUTRAL,0.85,0.5,BULLISH
KC-24798e3a,2026-02-10 13:59:32.329435+00:00,technical,NEUTRAL,0.65,0.5,BULLISH
KC-24798e3a,2026-02-10 13:59:32.329435+00:00,volatility,BEARISH,0.9,0.0999999999999999,BULLISH
KC-24798e3a,2026-02-10 13:59:32.329435+00:00,master_decision,BEARISH,0.9,0.0999999999999999,BULLISH
KC-719370b9,2026-02-10 14:01:02.661256+00:00,agronomist,BEARISH,0.8,0.1999999999999999,BULLISH
KC-719370b9,2026-02-10 14:01:02.661256+00:00,macro,BEARISH,0.8,0.1999999999999999,BULLISH
KC-719370b9,2026-02-10 14:01:02.661256+00:00,geopolitical,NEUTRAL,0.9,0.5,BULLISH
KC-719370b9,2026-02-10 14:01:02.661256+00:00,supply_chain,BULLISH,0.3,0.3,BULLISH
KC-719370b9,2026-02-10 14:01:02.661256+00:00,inventory,BULLISH,0.9,0.9,BULLISH
KC-719370b9,2026-02-10 14:01:02.661256+00:00,sentiment,BEARISH,0.9,0.0999999999999999,BULLISH
KC-719370b9,2026-02-10 14:01:02.661256+00:00,volatility,BEARISH,0.9,0.0999999999999999,BULLISH
KC-719370b9,2026-02-10 14:01:02.661256+00:00,master_decision,BEARISH,0.7,0.3,BULLISH
KC-2f45ea43,2026-02-10 14:09:35.942626+00:00,agronomist,BEARISH,0.8,0.1999999999999999,BULLISH
KC-2f45ea43,2026-02-10 14:09:35.942626+00:00,macro,BEARISH,0.8,0.1999999999999999,BULLISH
KC-2f45ea43,2026-02-10 14:09:35.942626+00:00,geopolitical,BULLISH,0.9,0.9,BULLISH
KC-2f45ea43,2026-02-10 14:09:35.942626+00:00,supply_chain,BULLISH,0.3,0.3,BULLISH
KC-2f45ea43,2026-02-10 14:09:35.942626+00:00,inventory,BULLISH,0.9,0.9,BULLISH
KC-2f45ea43,2026-02-10 14:09:35.942626+00:00,sentiment,BEARISH,0.85,0.15,BULLISH
KC-2f45ea43,2026-02-10 14:09:35.942626+00:00,technical,BEARISH,0.65,0.35,BULLISH
KC-2f45ea43,2026-02-10 14:09:35.942626+00:00,master_decision,BEARISH,0.7,0.3,BULLISH
KC-c87efbae,2026-02-10 17:08:38.657611+00:00,agronomist,BEARISH,0.8,0.1999999999999999,BULLISH
KC-c87efbae,2026-02-10 17:08:38.657611+00:00,macro,BEARISH,0.3,0.7,BULLISH
KC-c87efbae,2026-02-10 17:08:38.657611+00:00,geopolitical,BULLISH,0.9,0.9,BULLISH
KC-c87efbae,2026-02-10 17:08:38.657611+00:00,supply_chain,BULLISH,0.9,0.9,BULLISH
KC-c87efbae,2026-02-10 17:08:38.657611+00:00,inventory,BEARISH,0.3,0.7,BULLISH
KC-c87efbae,2026-02-10 17:08:38.657611+00:00,sentiment,NEUTRAL,0.9,0.5,BULLISH
KC-c87efbae,2026-02-10 17:08:38.657611+00:00,technical,BEARISH,0.65,0.35,BULLISH
KC-c87efbae,2026-02-10 17:08:38.657611+00:00,master_decision,BEARISH,0.7,0.3,BULLISH
KC-5c44650d,2026-02-10 17:14:00.583031+00:00,agronomist,BEARISH,0.8,0.1999999999999999,BULLISH
KC-5c44650d,2026-02-10 17:14:00.583031+00:00,macro,BEARISH,0.8,0.1999999999999999,BULLISH
KC-5c44650d,2026-02-10 17:14:00.583031+00:00,geopolitical,BULLISH,0.85,0.85,BULLISH
KC-5c44650d,2026-02-10 17:14:00.583031+00:00,supply_chain,BULLISH,0.9,0.9,BULLISH
KC-5c44650d,2026-02-10 17:14:00.583031+00:00,sentiment,BEARISH,0.9,0.0999999999999999,BULLISH
KC-5c44650d,2026-02-10 17:14:00.583031+00:00,technical,NEUTRAL,0.65,0.5,BULLISH
KC-5c44650d,2026-02-10 17:14:00.583031+00:00,volatility,BEARISH,0.9,0.0999999999999999,BULLISH
KC-5c44650d,2026-02-10 17:14:00.583031+00:00,master_decision,BEARISH,0.7,0.3,BULLISH
KC-63138c0c,2026-02-10 17:14:44.232448+00:00,agronomist,BEARISH,0.8,0.1999999999999999,BULLISH
KC-63138c0c,2026-02-10 17:14:44.232448+00:00,macro,BEARISH,0.8,0.1999999999999999,BULLISH
KC-63138c0c,2026-02-10 17:14:44.232448+00:00,geopolitical,BULLISH,0.9,0.9,BULLISH
KC-63138c0c,2026-02-10 17:14:44.232448+00:00,supply_chain,BULLISH,0.9,0.9,BULLISH
KC-63138c0c,2026-02-10 17:14:44.232448+00:00,inventory,NEUTRAL,0.9,0.5,BULLISH
KC-63138c0c,2026-02-10 17:14:44.232448+00:00,sentiment,NEUTRAL,0.85,0.5,BULLISH
KC-63138c0c,2026-02-10 17:14:44.232448+00:00,technical,NEUTRAL,0.65,0.5,BULLISH
KC-63138c0c,2026-02-10 17:14:44.232448+00:00,volatility,BEARISH,0.3,0.7,BULLISH
KC-63138c0c,2026-02-10 17:14:44.232448+00:00,master_decision,BEARISH,0.7,0.3,BULLISH
KC-db6a542d,2026-02-10 17:16:04.873818+00:00,agronomist,BEARISH,0.8,0.1999999999999999,BULLISH
KC-db6a542d,2026-02-10 17:16:04.873818+00:00,macro,BEARISH,0.8,0.1999999999999999,BULLISH
KC-db6a542d,2026-02-10 17:16:04.873818+00:00,geopolitical,BULLISH,0.85,0.85,BULLISH
KC-db6a542d,2026-02-10 17:16:04.873818+00:00,supply_chain,BULLISH,0.9,0.9,BULLISH
KC-db6a542d,2026-02-10 17:16:04.873818+00:00,inventory,BEARISH,0.3,0.7,BULLISH
KC-db6a542d,2026-02-10 17:16:04.873818+00:00,sentiment,NEUTRAL,0.9,0.5,BULLISH
KC-db6a542d,2026-02-10 17:16:04.873818+00:00,technical,NEUTRAL,0.65,0.5,BULLISH
KC-db6a542d,2026-02-10 17:16:04.873818+00:00,volatility,BEARISH,0.9,0.0999999999999999,BULLISH
KC-db6a542d,2026-02-10 17:16:04.873818+00:00,master_decision,BEARISH,0.7,0.3,BULLISH
KC-dd87f290,2026-02-10 17:16:36.242479+00:00,agronomist,BEARISH,0.8,0.1999999999999999,BULLISH
KC-dd87f290,2026-02-10 17:16:36.242479+00:00,macro,BEARISH,0.8,0.1999999999999999,BULLISH
KC-dd87f290,2026-02-10 17:16:36.242479+00:00,geopolitical,BULLISH,0.9,0.9,BULLISH
KC-dd87f290,2026-02-10 17:16:36.242479+00:00,supply_chain,BULLISH,0.9,0.9,BULLISH
KC-dd87f290,2026-02-10 17:16:36.242479+00:00,sentiment,NEUTRAL,0.9,0.5,BULLISH
KC-dd87f290,2026-02-10 17:16:36.242479+00:00,technical,NEUTRAL,0.65,0.5,BULLISH
KC-dd87f290,2026-02-10 17:16:36.242479+00:00,volatility,BEARISH,0.85,0.15,BULLISH
KC-dd87f290,2026-02-10 17:16:36.242479+00:00,master_decision,BEARISH,0.7,0.3,BULLISH
KC-9247d4ca,2026-02-11 14:05:00.959787+00:00,agronomist,BEARISH,0.8,0.1999999999999999,BULLISH
KC-9247d4ca,2026-02-11 14:05:00.959787+00:00,macro,BEARISH,0.65,0.35,BULLISH
KC-9247d4ca,2026-02-11 14:05:00.959787+00:00,geopolitical,NEUTRAL,0.65,0.5,BULLISH
KC-9247d4ca,2026-02-11 14:05:00.959787+00:00,supply_chain,BULLISH,0.8,0.8,BULLISH
KC-9247d4ca,2026-02-11 14:05:00.959787+00:00,inventory,BEARISH,0.8,0.1999999999999999,BULLISH
KC-9247d4ca,2026-02-11 14:05:00.959787+00:00,sentiment,NEUTRAL,0.8,0.5,BULLISH
KC-9247d4ca,2026-02-11 14:05:00.959787+00:00,technical,NEUTRAL,0.65,0.5,BULLISH
KC-9247d4ca,2026-02-11 14:05:00.959787+00:00,volatility,BEARISH,0.8,0.1999999999999999,BULLISH
KC-9247d4ca,2026-02-11 14:05:00.959787+00:00,master_decision,BEARISH,0.7,0.3,BULLISH
KC-2b35f553,2026-02-11 14:06:55.600421+00:00,agronomist,BEARISH,0.8,0.1999999999999999,BULLISH
KC-2b35f553,2026-02-11 14:06:55.600421+00:00,macro,NEUTRAL,0.65,0.5,BULLISH
KC-2b35f553,2026-02-11 14:06:55.600421+00:00,geopolitical,NEUTRAL,0.65,0.5,BULLISH
KC-2b35f553,2026-02-11 14:06:55.600421+00:00,supply_chain,BULLISH,0.8,0.8,BULLISH
KC-2b35f553,2026-02-11 14:06:55.600421+00:00,inventory,BEARISH,0.8,0.1999999999999999,BULLISH
KC-2b35f553,2026-02-11 14:06:55.600421+00:00,sentiment,NEUTRAL,0.65,0.5,BULLISH
KC-2b35f553,2026-02-11 14:06:55.600421+00:00,technical,BEARISH,0.65,0.35,BULLISH
KC-2b35f553,2026-02-11 14:06:55.600421+00:00,volatility,BEARISH,0.9,0.0999999999999999,BULLISH
KC-2b35f553,2026-02-11 14:06:55.600421+00:00,master_decision,BEARISH,0.7,0.3,BULLISH
KC-d1712117,2026-02-11 14:09:19.184901+00:00,agronomist,BEARISH,0.8,0.1999999999999999,BULLISH
KC-d1712117,2026-02-11 14:09:19.184901+00:00,macro,BEARISH,0.65,0.35,BULLISH
KC-d1712117,2026-02-11 14:09:19.184901+00:00,geopolitical,BULLISH,0.8,0.8,BULLISH
KC-d1712117,2026-02-11 14:09:19.184901+00:00,supply_chain,BULLISH,0.8,0.8,BULLISH
KC-d1712117,2026-02-11 14:09:19.184901+00:00,inventory,BULLISH,0.65,0.65,BULLISH
KC-d1712117,2026-02-11 14:09:19.184901+00:00,sentiment,BEARISH,0.8,0.1999999999999999,BULLISH
KC-d1712117,2026-02-11 14:09:19.184901+00:00,technical,BEARISH,0.65,0.35,BULLISH
KC-d1712117,2026-02-11 14:09:19.184901+00:00,volatility,BEARISH,0.8,0.1999999999999999,BULLISH
KC-d1712117,2026-02-11 14:09:19.184901+00:00,master_decision,BEARISH,0.7,0.3,BULLISH
KC-624aa87f,2026-02-11 14:10:18.940575+00:00,agronomist,BEARISH,0.9,0.0999999999999999,BULLISH
KC-624aa87f,2026-02-11 14:10:18.940575+00:00,macro,NEUTRAL,0.65,0.5,BULLISH
KC-624aa87f,2026-02-11 14:10:18.940575+00:00,geopolitical,NEUTRAL,0.65,0.5,BULLISH
KC-624aa87f,2026-02-11 14:10:18.940575+00:00,supply_chain,BULLISH,0.8,0.8,BULLISH
KC-624aa87f,2026-02-11 14:10:18.940575+00:00,inventory,BEARISH,0.8,0.1999999999999999,BULLISH
KC-624aa87f,2026-02-11 14:10:18.940575+00:00,sentiment,NEUTRAL,0.65,0.5,BULLISH
KC-624aa87f,2026-02-11 14:10:18.940575+00:00,technical,BEARISH,0.65,0.35,BULLISH
KC-624aa87f,2026-02-11 14:10:18.940575+00:00,volatility,BEARISH,0.8,0.1999999999999999,BULLISH
KC-624aa87f,2026-02-11 14:10:18.940575+00:00,master_decision,BEARISH,0.7,0.3,BULLISH
KC-49631e25,2026-02-11 14:11:07.802405+00:00,agronomist,BEARISH,0.8,0.1999999999999999,BULLISH
KC-49631e25,2026-02-11 14:11:07.802405+00:00,macro,BEARISH,0.8,0.1999999999999999,BULLISH
KC-49631e25,2026-02-11 14:11:07.802405+00:00,geopolitical,BULLISH,0.65,0.65,BULLISH
KC-49631e25,2026-02-11 14:11:07.802405+00:00,supply_chain,BULLISH,0.8,0.8,BULLISH
KC-49631e25,2026-02-11 14:11:07.802405+00:00,inventory,NEUTRAL,0.65,0.5,BULLISH
KC-49631e25,2026-02-11 14:11:07.802405+00:00,sentiment,BEARISH,0.8,0.1999999999999999,BULLISH
KC-49631e25,2026-02-11 14:11:07.802405+00:00,technical,NEUTRAL,0.65,0.5,BULLISH
KC-49631e25,2026-02-11 14:11:07.802405+00:00,volatility,BEARISH,0.8,0.1999999999999999,BULLISH
KC-49631e25,2026-02-11 14:11:07.802405+00:00,master_decision,BEARISH,0.9,0.0999999999999999,BULLISH
KC-20c0a2dd,2026-02-11 16:49:05.272129+00:00,agronomist,BEARISH,0.8,0.1999999999999999,BULLISH
KC-20c0a2dd,2026-02-11 16:49:05.272129+00:00,macro,BEARISH,0.65,0.35,BULLISH
KC-20c0a2dd,2026-02-11 16:49:05.272129+00:00,geopolitical,BULLISH,0.65,0.65,BULLISH
KC-20c0a2dd,2026-02-11 16:49:05.272129+00:00,supply_chain,BULLISH,0.8,0.8,BULLISH
KC-20c0a2dd,2026-02-11 16:49:05.272129+00:00,inventory,BULLISH,0.65,0.65,BULLISH
KC-20c0a2dd,2026-02-11 16:49:05.272129+00:00,sentiment,BEARISH,0.65,0.35,BULLISH
KC-20c0a2dd,2026-02-11 16:49:05.272129+00:00,technical,BEARISH,0.65,0.35,BULLISH
KC-20c0a2dd,2026-02-11 16:49:05.272129+00:00,volatility,BEARISH,0.8,0.1999999999999999,BULLISH
KC-20c0a2dd,2026-02-11 16:49:05.272129+00:00,master_decision,BEARISH,0.7,0.3,BULLISH
KC-db39769f,2026-02-11 16:54:47.908146+00:00,agronomist,BEARISH,0.8,0.1999999999999999,BULLISH
KC-db39769f,2026-02-11 16:54:47.908146+00:00,macro,BEARISH,0.65,0.35,BULLISH
KC-db39769f,2026-02-11 16:54:47.908146+00:00,geopolitical,BULLISH,0.65,0.65,BULLISH
KC-db39769f,2026-02-11 16:54:47.908146+00:00,supply_chain,BULLISH,0.8,0.8,BULLISH
KC-db39769f,2026-02-11 16:54:47.908146+00:00,inventory,BEARISH,0.65,0.35,BULLISH
KC-db39769f,2026-02-11 16:54:47.908146+00:00,sentiment,NEUTRAL,0.8,0.5,BULLISH
KC-db39769f,2026-02-11 16:54:47.908146+00:00,technical,BEARISH,0.65,0.35,BULLISH
KC-db39769f,2026-02-11 16:54:47.908146+00:00,volatility,BEARISH,0.8,0.1999999999999999,BULLISH
KC-db39769f,2026-02-11 16:54:47.908146+00:00,master_decision,BEARISH,0.7,0.3,BULLISH
KC-25a36977,2026-02-11 16:55:46.872065+00:00,agronomist,BEARISH,0.8,0.1999999999999999,BULLISH
KC-25a36977,2026-02-11 16:55:46.872065+00:00,macro,BEARISH,0.65,0.35,BULLISH
KC-25a36977,2026-02-11 16:55:46.872065+00:00,geopolitical,NEUTRAL,0.65,0.5,BULLISH
KC-25a36977,2026-02-11 16:55:46.872065+00:00,supply_chain,BULLISH,0.8,0.8,BULLISH
KC-25a36977,2026-02-11 16:55:46.872065+00:00,inventory,BULLISH,0.8,0.8,BULLISH
KC-25a36977,2026-02-11 16:55:46.872065+00:00,sentiment,NEUTRAL,0.65,0.5,BULLISH
KC-25a36977,2026-02-11 16:55:46.872065+00:00,technical,BEARISH,0.65,0.35,BULLISH
KC-25a36977,2026-02-11 16:55:46.872065+00:00,volatility,BEARISH,0.8,0.1999999999999999,BULLISH
KC-25a36977,2026-02-11 16:55:46.872065+00:00,master_decision,BEARISH,0.45,0.55,BULLISH
KC-4c4106f1,2026-02-11 16:58:06.791705+00:00,agronomist,BEARISH,0.8,0.1999999999999999,BULLISH
KC-4c4106f1,2026-02-11 16:58:06.791705+00:00,macro,BEARISH,0.65,0.35,BULLISH
KC-4c4106f1,2026-02-11 16:58:06.791705+00:00,geopolitical,BULLISH,0.65,0.65,BULLISH
KC-4c4106f1,2026-02-11 16:58:06.791705+00:00,supply_chain,BULLISH,0.8,0.8,BULLISH
KC-4c4106f1,2026-02-11 16:58:06.791705+00:00,inventory,BEARISH,0.65,0.35,BULLISH
KC-4c4106f1,2026-02-11 16:58:06.791705+00:00,sentiment,NEUTRAL,0.8,0.5,BULLISH
KC-4c4106f1,2026-02-11 16:58:06.791705+00:00,technical,NEUTRAL,0.65,0.5,BULLISH
KC-4c4106f1,2026-02-11 16:58:06.791705+00:00,volatility,BEARISH,0.8,0.1999999999999999,BULLISH
KC-4c4106f1,2026-02-11 16:58:06.791705+00:00,master_decision,BEARISH,0.7,0.3,BULLISH
KC-10695926,2026-02-11 16:59:24.382316+00:00,agronomist,BEARISH,0.8,0.1999999999999999,BULLISH
KC-10695926,2026-02-11 16:59:24.382316+00:00,macro,BEARISH,0.65,0.35,BULLISH
KC-10695926,2026-02-11 16:59:24.382316+00:00,geopolitical,NEUTRAL,0.65,0.5,BULLISH
KC-10695926,2026-02-11 16:59:24.382316+00:00,supply_chain,BULLISH,0.8,0.8,BULLISH
KC-10695926,2026-02-11 16:59:24.382316+00:00,inventory,BULLISH,0.8,0.8,BULLISH
KC-10695926,2026-02-11 16:59:24.382316+00:00,sentiment,NEUTRAL,0.65,0.5,BULLISH
KC-10695926,2026-02-11 16:59:24.382316+00:00,technical,NEUTRAL,0.65,0.5,BULLISH
KC-10695926,2026-02-11 16:59:24.382316+00:00,volatility,BEARISH,0.8,0.1999999999999999,BULLISH
KC-10695926,2026-02-11 16:59:24.382316+00:00,master_decision,BEARISH,0.7,0.3,BULLISH
KC-e29c7f97,2026-02-12 08:43:25.204346+00:00,agronomist,BULLISH,0.8,0.8,BULLISH
KC-e29c7f97,2026-02-12 08:43:25.228245+00:00,macro,BEARISH,0.65,0.35,BULLISH
KC-e29c7f97,2026-02-12 08:43:25.237286+00:00,sentiment,BEARISH,0.65,0.35,BULLISH
KC-e29c7f97,2026-02-12 08:43:25.239948+00:00,technical,BEARISH,0.65,0.35,BULLISH
KC-e29c7f97,2026-02-12 08:43:25.242436+00:00,volatility,BEARISH,0.8,0.1999999999999999,BULLISH
KC-4aa2dd8b,2026-02-12 12:09:56.006991+00:00,sentiment,NEUTRAL,0.65,0.5,BULLISH
KC-6c33429d,2026-02-12 12:42:05.770669+00:00,macro,BEARISH,0.65,0.35,BULLISH
KC-6c33429d,2026-02-12 12:42:05.781546+00:00,sentiment,BEARISH,0.65,0.35,BULLISH
KC-6c33429d,2026-02-12 12:42:05.784777+00:00,technical,BEARISH,0.65,0.35,BULLISH
KC-6c33429d,2026-02-12 12:42:05.787068+00:00,volatility,BEARISH,0.65,0.35,BULLISH
KC-f6a07b20,2026-02-12 13:40:46.189155+00:00,sentiment,NEUTRAL,0.65,0.5,BULLISH
KC-1d99cb3b,2026-02-12 14:05:02.196894+00:00,agronomist,BEARISH,0.8,0.1999999999999999,BULLISH
KC-1d99cb3b,2026-02-12 14:05:02.196894+00:00,macro,BEARISH,0.65,0.35,BULLISH
KC-1d99cb3b,2026-02-12 14:05:02.196894+00:00,geopolitical,BULLISH,0.65,0.65,BULLISH
KC-1d99cb3b,2026-02-12 14:05:02.196894+00:00,supply_chain,BULLISH,0.8,0.8,BULLISH
KC-1d99cb3b,2026-02-12 14:05:02.196894+00:00,inventory,NEUTRAL,0.65,0.5,BULLISH
KC-1d99cb3b,2026-02-12 14:05:02.196894+00:00,sentiment,BEARISH,0.65,0.35,BULLISH
KC-1d99cb3b,2026-02-12 14:05:02.196894+00:00,technical,BEARISH,0.65,0.35,BULLISH
KC-1d99cb3b,2026-02-12 14:05:02.196894+00:00,volatility,BEARISH,0.8,0.1999999999999999,BULLISH
KC-1d99cb3b,2026-02-12 14:05:02.196894+00:00,master_decision,BEARISH,0.35,0.65,BULLISH
KC-f9505fe1,2026-02-12 14:07:31.082763+00:00,agronomist,BEARISH,0.8,0.1999999999999999,BULLISH
KC-f9505fe1,2026-02-12 14:07:31.082763+00:00,macro,BEARISH,0.65,0.35,BULLISH
KC-f9505fe1,2026-02-12 14:07:31.082763+00:00,geopolitical,NEUTRAL,0.65,0.5,BULLISH
KC-f9505fe1,2026-02-12 14:07:31.082763+00:00,supply_chain,BULLISH,0.8,0.8,BULLISH
KC-f9505fe1,2026-02-12 14:07:31.082763+00:00,inventory,BULLISH,0.65,0.65,BULLISH
KC-f9505fe1,2026-02-12 14:07:31.082763+00:00,sentiment,BEARISH,0.8,0.1999999999999999,BULLISH
KC-f9505fe1,2026-02-12 14:07:31.082763+00:00,technical,BEARISH,0.65,0.35,BULLISH
KC-f9505fe1,2026-02-12 14:07:31.082763+00:00,volatility,BEARISH,0.8,0.1999999999999999,BULLISH
KC-f9505fe1,2026-02-12 14:07:31.082763+00:00,master_decision,BEARISH,0.7,0.3,BULLISH
KC-e4aa06fa,2026-02-12 14:09:16.544061+00:00,agronomist,BEARISH,0.8,0.1999999999999999,BULLISH
KC-e4aa06fa,2026-02-12 14:09:16.544061+00:00,macro,BEARISH,0.65,0.35,BULLISH
KC-e4aa06fa,2026-02-12 14:09:16.544061+00:00,geopolitical,NEUTRAL,0.65,0.5,BULLISH
KC-e4aa06fa,2026-02-12 14:09:16.544061+00:00,supply_chain,BULLISH,0.8,0.8,BULLISH
KC-e4aa06fa,2026-02-12 14:09:16.544061+00:00,inventory,BEARISH,0.65,0.35,BULLISH
KC-e4aa06fa,2026-02-12 14:09:16.544061+00:00,sentiment,NEUTRAL,0.8,0.5,BULLISH
KC-e4aa06fa,2026-02-12 14:09:16.544061+00:00,technical,BEARISH,0.65,0.35,BULLISH
KC-e4aa06fa,2026-02-12 14:09:16.544061+00:00,volatility,BEARISH,0.8,0.1999999999999999,BULLISH
KC-e4aa06fa,2026-02-12 14:09:16.544061+00:00,master_decision,BEARISH,0.7,0.3,BULLISH
KC-3facb5dd,2026-02-12 14:10:23.256101+00:00,agronomist,BEARISH,0.8,0.1999999999999999,BULLISH
KC-3facb5dd,2026-02-12 14:10:23.256101+00:00,macro,BEARISH,0.65,0.35,BULLISH
KC-3facb5dd,2026-02-12 14:10:23.256101+00:00,geopolitical,NEUTRAL,0.65,0.5,BULLISH
KC-3facb5dd,2026-02-12 14:10:23.256101+00:00,supply_chain,BULLISH,0.8,0.8,BULLISH
KC-3facb5dd,2026-02-12 14:10:23.256101+00:00,inventory,BEARISH,0.65,0.35,BULLISH
KC-3facb5dd,2026-02-12 14:10:23.256101+00:00,sentiment,BEARISH,0.8,0.1999999999999999,BULLISH
KC-3facb5dd,2026-02-12 14:10:23.256101+00:00,technical,NEUTRAL,0.65,0.5,BULLISH
KC-3facb5dd,2026-02-12 14:10:23.256101+00:00,volatility,BEARISH,0.65,0.35,BULLISH
KC-3facb5dd,2026-02-12 14:10:23.256101+00:00,master_decision,BEARISH,0.7,0.3,BULLISH
KC-722ad9a2,2026-02-12 14:10:31.985147+00:00,agronomist,BEARISH,0.8,0.1999999999999999,BULLISH
KC-722ad9a2,2026-02-12 14:10:31.985147+00:00,macro,BEARISH,0.65,0.35,BULLISH
KC-722ad9a2,2026-02-12 14:10:31.985147+00:00,geopolitical,NEUTRAL,0.65,0.5,BULLISH
KC-722ad9a2,2026-02-12 14:10:31.985147+00:00,supply_chain,BULLISH,0.8,0.8,BULLISH
KC-722ad9a2,2026-02-12 14:10:31.985147+00:00,inventory,NEUTRAL,0.65,0.5,BULLISH
KC-722ad9a2,2026-02-12 14:10:31.985147+00:00,sentiment,BEARISH,0.8,0.1999999999999999,BULLISH
KC-722ad9a2,2026-02-12 14:10:31.985147+00:00,technical,BEARISH,0.65,0.35,BULLISH
KC-722ad9a2,2026-02-12 14:10:31.985147+00:00,volatility,NEUTRAL,0.8,0.5,BULLISH
KC-722ad9a2,2026-02-12 14:10:31.985147+00:00,master_decision,BEARISH,0.7,0.3,BULLISH
KC-df64445e,2026-02-12 15:10:38.179570+00:00,sentiment,NEUTRAL,0.65,0.5,BEARISH
KC-917f92b1,2026-02-12 16:40:33.553578+00:00,agronomist,NEUTRAL,0.8,0.5,BULLISH
KC-0db7eada,2026-02-12 16:43:20.859767+00:00,agronomist,NEUTRAL,0.8,0.5,BULLISH
KC-0db7eada,2026-02-12 16:43:20.864501+00:00,sentiment,NEUTRAL,0.65,0.5,BULLISH
KC-5b1db3b6,2026-02-12 16:46:04.809610+00:00,agronomist,NEUTRAL,0.8,0.5,BULLISH
KC-5b1db3b6,2026-02-12 16:46:04.818080+00:00,sentiment,NEUTRAL,0.65,0.5,BULLISH
KC-5b1db3b6,2026-02-12 16:46:04.821084+00:00,technical,BEARISH,0.65,0.35,BULLISH
KC-c5544dcc,2026-02-12 16:49:17.947584+00:00,agronomist,BEARISH,0.8,0.1999999999999999,BULLISH
KC-c5544dcc,2026-02-12 16:49:17.947584+00:00,macro,NEUTRAL,0.65,0.5,BULLISH
KC-c5544dcc,2026-02-12 16:49:17.947584+00:00,geopolitical,BEARISH,0.8,0.1999999999999999,BULLISH
KC-c5544dcc,2026-02-12 16:49:17.947584+00:00,supply_chain,BULLISH,0.8,0.8,BULLISH
KC-c5544dcc,2026-02-12 16:49:17.947584+00:00,inventory,BULLISH,0.65,0.65,BULLISH
KC-c5544dcc,2026-02-12 16:49:17.947584+00:00,sentiment,BEARISH,0.8,0.1999999999999999,BULLISH
KC-c5544dcc,2026-02-12 16:49:17.947584+00:00,technical,NEUTRAL,0.65,0.5,BULLISH
KC-c5544dcc,2026-02-12 16:49:17.947584+00:00,volatility,BEARISH,0.8,0.1999999999999999,BULLISH
KC-c5544dcc,2026-02-12 16:49:17.947584+00:00,master_decision,BEARISH,0.7,0.3,BULLISH
KC-34225a1f,2026-02-12 16:51:46.604291+00:00,agronomist,BEARISH,0.8,0.1999999999999999,BULLISH
KC-34225a1f,2026-02-12 16:51:46.604291+00:00,macro,BEARISH,0.65,0.35,BULLISH
KC-34225a1f,2026-02-12 16:51:46.604291+00:00,geopolitical,BULLISH,0.65,0.65,BULLISH
KC-34225a1f,2026-02-12 16:51:46.604291+00:00,supply_chain,BULLISH,0.8,0.8,BULLISH
KC-34225a1f,2026-02-12 16:51:46.604291+00:00,inventory,BULLISH,0.8,0.8,BULLISH
KC-34225a1f,2026-02-12 16:51:46.604291+00:00,sentiment,NEUTRAL,0.65,0.5,BULLISH
KC-34225a1f,2026-02-12 16:51:46.604291+00:00,technical,BEARISH,0.65,0.35,BULLISH
KC-34225a1f,2026-02-12 16:51:46.604291+00:00,volatility,BEARISH,0.8,0.1999999999999999,BULLISH
KC-34225a1f,2026-02-12 16:51:46.604291+00:00,master_decision,BEARISH,0.7,0.3,BULLISH
KC-9b26f326,2026-02-12 16:53:21.701858+00:00,agronomist,BEARISH,0.8,0.1999999999999999,BULLISH
KC-9b26f326,2026-02-12 16:53:21.701858+00:00,macro,BEARISH,0.65,0.35,BULLISH
KC-9b26f326,2026-02-12 16:53:21.701858+00:00,geopolitical,NEUTRAL,0.65,0.5,BULLISH
KC-9b26f326,2026-02-12 16:53:21.701858+00:00,supply_chain,BULLISH,0.8,0.8,BULLISH
KC-9b26f326,2026-02-12 16:53:21.701858+00:00,inventory,BEARISH,0.8,0.1999999999999999,BULLISH
KC-9b26f326,2026-02-12 16:53:21.701858+00:00,sentiment,NEUTRAL,0.65,0.5,BULLISH
KC-9b26f326,2026-02-12 16:53:21.701858+00:00,technical,NEUTRAL,0.65,0.5,BULLISH
KC-9b26f326,2026-02-12 16:53:21.701858+00:00,volatility,BEARISH,0.8,0.1999999999999999,BULLISH
KC-9b26f326,2026-02-12 16:53:21.701858+00:00,master_decision,BEARISH,0.45,0.55,BULLISH
KC-3f672acc,2026-02-12 16:54:49.831828+00:00,agronomist,BEARISH,0.8,0.1999999999999999,BULLISH
KC-3f672acc,2026-02-12 16:54:49.831828+00:00,macro,NEUTRAL,0.65,0.5,BULLISH
KC-3f672acc,2026-02-12 16:54:49.831828+00:00,geopolitical,BULLISH,0.65,0.65,BULLISH
KC-3f672acc,2026-02-12 16:54:49.831828+00:00,supply_chain,BULLISH,0.8,0.8,BULLISH
KC-3f672acc,2026-02-12 16:54:49.831828+00:00,inventory,BULLISH,0.8,0.8,BULLISH
KC-3f672acc,2026-02-12 16:54:49.831828+00:00,sentiment,NEUTRAL,0.65,0.5,BULLISH
KC-3f672acc,2026-02-12 16:54:49.831828+00:00,technical,BEARISH,0.65,0.35,BULLISH
KC-3f672acc,2026-02-12 16:54:49.831828+00:00,volatility,NEUTRAL,0.8,0.5,BULLISH
KC-3f672acc,2026-02-12 16:54:49.831828+00:00,master_decision,BULLISH,0.7,0.7,BULLISH
KC-712659de,2026-02-12 16:55:29.729318+00:00,agronomist,BEARISH,0.8,0.1999999999999999,BULLISH
KC-712659de,2026-02-12 16:55:29.729318+00:00,macro,BEARISH,0.65,0.35,BULLISH
KC-712659de,2026-02-12 16:55:29.729318+00:00,geopolitical,NEUTRAL,0.65,0.5,BULLISH
KC-712659de,2026-02-12 16:55:29.729318+00:00,supply_chain,BULLISH,0.8,0.8,BULLISH
KC-712659de,2026-02-12 16:55:29.729318+00:00,inventory,BEARISH,0.8,0.1999999999999999,BULLISH
KC-712659de,2026-02-12 16:55:29.729318+00:00,sentiment,NEUTRAL,0.65,0.5,BULLISH
KC-712659de,2026-02-12 16:55:29.729318+00:00,technical,BEARISH,0.65,0.35,BULLISH
KC-712659de,2026-02-12 16:55:29.729318+00:00,volatility,NEUTRAL,0.55,0.5,BULLISH
KC-712659de,2026-02-12 16:55:29.729318+00:00,master_decision,BEARISH,0.7,0.3,BULLISH
KC-5ca9e399,2026-02-13 12:24:20.721936+00:00,sentiment,NEUTRAL,0.65,0.5,BEARISH
KC-1f200878,2026-02-13 13:46:34.227343+00:00,macro,BULLISH,0.65,0.65,BEARISH
KC-1f200878,2026-02-13 13:46:34.245407+00:00,sentiment,BULLISH,0.65,0.65,BEARISH
KC-1f200878,2026-02-13 13:46:34.249781+00:00,volatility,BULLISH,0.8,0.8,BEARISH
KC-34d80709,2026-02-13 15:25:57.729060+00:00,sentiment,NEUTRAL,0.65,0.5,BEARISH
KC-4a43184c,2026-02-13 16:56:12.839232+00:00,sentiment,NEUTRAL,0.65,0.5,BULLISH
KC-e676b72f,2026-02-17 09:43:46.228334+00:00,macro,BEARISH,0.65,0.35,PENDING
KC-e676b72f,2026-02-17 09:43:46.243176+00:00,sentiment,BEARISH,0.65,0.35,PENDING
KC-e676b72f,2026-02-17 09:43:46.246164+00:00,volatility,BEARISH,0.8,0.19999999999999996,PENDING
KC-83b7b328,2026-02-17 09:47:17.826090+00:00,agronomist,BEARISH,0.8,0.19999999999999996,PENDING
KC-83b7b328,2026-02-17 09:47:17.826090+00:00,macro,NEUTRAL,0.65,0.5,PENDING
KC-83b7b328,2026-02-17 09:47:17.826090+00:00,geopolitical,NEUTRAL,0.65,0.5,PENDING
KC-83b7b328,2026-02-17 09:47:17.826090+00:00,supply_chain,NEUTRAL,0.55,0.5,PENDING
KC-83b7b328,2026-02-17 09:47:17.826090+00:00,inventory,NEUTRAL,0.65,0.5,PENDING
KC-83b7b328,2026-02-17 09:47:17.826090+00:00,sentiment,BEARISH,0.8,0.19999999999999996,PENDING
KC-83b7b328,2026-02-17 09:47:17.826090+00:00,technical,BEARISH,0.65,0.35,PENDING
KC-83b7b328,2026-02-17 09:47:17.826090+00:00,volatility,BEARISH,0.8,0.19999999999999996,PENDING
KC-44cd60a8,2026-02-17 09:49:57.499771+00:00,agronomist,BEARISH,0.8,0.19999999999999996,PENDING
KC-44cd60a8,2026-02-17 09:49:57.499771+00:00,macro,NEUTRAL,0.65,0.5,PENDING
KC-44cd60a8,2026-02-17 09:49:57.499771+00:00,geopolitical,NEUTRAL,0.65,0.5,PENDING
KC-44cd60a8,2026-02-17 09:49:57.499771+00:00,supply_chain,BULLISH,0.8,0.8,PENDING
KC-44cd60a8,2026-02-17 09:49:57.499771+00:00,inventory,BEARISH,0.8,0.19999999999999996,PENDING
KC-44cd60a8,2026-02-17 09:49:57.499771+00:00,sentiment,BEARISH,0.8,0.19999999999999996,PENDING
KC-44cd60a8,2026-02-17 09:49:57.499771+00:00,technical,BEARISH,0.65,0.35,PENDING
KC-44cd60a8,2026-02-17 09:49:57.499771+00:00,volatility,BEARISH,0.8,0.19999999999999996,PENDING
KC-6b25a8ec,2026-02-17 09:52:23.764211+00:00,agronomist,BEARISH,0.8,0.19999999999999996,PENDING
KC-6b25a8ec,2026-02-17 09:52:23.764211+00:00,macro,NEUTRAL,0.65,0.5,PENDING
KC-6b25a8ec,2026-02-17 09:52:23.764211+00:00,geopolitical,NEUTRAL,0.65,0.5,PENDING
KC-6b25a8ec,2026-02-17 09:52:23.764211+00:00,supply_chain,BULLISH,0.8,0.8,PENDING
KC-6b25a8ec,2026-02-17 09:52:23.764211+00:00,inventory,BEARISH,0.65,0.35,PENDING
KC-6b25a8ec,2026-02-17 09:52:23.764211+00:00,sentiment,BEARISH,0.8,0.19999999999999996,PENDING
KC-6b25a8ec,2026-02-17 09:52:23.764211+00:00,technical,NEUTRAL,0.65,0.5,PENDING
KC-6b25a8ec,2026-02-17 09:52:23.764211+00:00,volatility,BEARISH,0.65,0.35,PENDING
KC-163ea283,2026-02-17 09:53:15.127633+00:00,agronomist,NEUTRAL,0.55,0.5,PENDING
KC-163ea283,2026-02-17 09:53:15.127633+00:00,macro,NEUTRAL,0.65,0.5,PENDING
KC-163ea283,2026-02-17 09:53:15.127633+00:00,geopolitical,NEUTRAL,0.65,0.5,PENDING
KC-163ea283,2026-02-17 09:53:15.127633+00:00,supply_chain,BULLISH,0.8,0.8,PENDING
KC-163ea283,2026-02-17 09:53:15.127633+00:00,inventory,BEARISH,0.65,0.35,PENDING
KC-163ea283,2026-02-17 09:53:15.127633+00:00,sentiment,BEARISH,0.8,0.19999999999999996,PENDING
KC-163ea283,2026-02-17 09:53:15.127633+00:00,technical,BEARISH,0.65,0.35,PENDING
KC-163ea283,2026-02-17 09:53:15.127633+00:00,volatility,BEARISH,0.65,0.35,PENDING
KC-163ea283,2026-02-17 09:53:15.127633+00:00,master_decision,BEARISH,0.7,0.30000000000000004,PENDING
KC-0d977a0a,2026-02-17 09:56:47.959488+00:00,agronomist,BEARISH,0.8,0.19999999999999996,PENDING
KC-0d977a0a,2026-02-17 09:56:47.959488+00:00,macro,NEUTRAL,0.65,0.5,PENDING
KC-0d977a0a,2026-02-17 09:56:47.959488+00:00,geopolitical,NEUTRAL,0.65,0.5,PENDING
KC-0d977a0a,2026-02-17 09:56:47.959488+00:00,supply_chain,BULLISH,0.8,0.8,PENDING
KC-0d977a0a,2026-02-17 09:56:47.959488+00:00,inventory,BULLISH,0.65,0.65,PENDING
KC-0d977a0a,2026-02-17 09:56:47.959488+00:00,sentiment,BEARISH,0.8,0.19999999999999996,PENDING
KC-0d977a0a,2026-02-17 09:56:47.959488+00:00,technical,NEUTRAL,0.55,0.5,PENDING
KC-0d977a0a,2026-02-17 09:56:47.959488+00:00,volatility,BEARISH,0.8,0.19999999999999996,PENDING
KC-9c927df0,2026-02-17 12:06:54.569443+00:00,agronomist,BEARISH,0.8,0.19999999999999996,PENDING
KC-9c927df0,2026-02-17 12:06:54.569443+00:00,macro,NEUTRAL,0.65,0.5,PENDING
KC-9c927df0,2026-02-17 12:06:54.569443+00:00,geopolitical,NEUTRAL,0.65,0.5,PENDING
KC-9c927df0,2026-02-17 12:06:54.569443+00:00,supply_chain,BULLISH,0.8,0.8,PENDING
KC-9c927df0,2026-02-17 12:06:54.569443+00:00,inventory,BEARISH,0.8,0.19999999999999996,PENDING
KC-9c927df0,2026-02-17 12:06:54.569443+00:00,sentiment,BEARISH,0.8,0.19999999999999996,PENDING
KC-9c927df0,2026-02-17 12:06:54.569443+00:00,technical,BEARISH,0.65,0.35,PENDING
KC-9c927df0,2026-02-17 12:06:54.569443+00:00,volatility,BULLISH,0.65,0.65,PENDING
KC-0a102886,2026-02-17 12:08:04.973103+00:00,agronomist,BEARISH,0.8,0.19999999999999996,PENDING
KC-0a102886,2026-02-17 12:08:04.973103+00:00,macro,NEUTRAL,0.65,0.5,PENDING
KC-0a102886,2026-02-17 12:08:04.973103+00:00,geopolitical,NEUTRAL,0.65,0.5,PENDING
KC-0a102886,2026-02-17 12:08:04.973103+00:00,supply_chain,BULLISH,0.8,0.8,PENDING
KC-0a102886,2026-02-17 12:08:04.973103+00:00,inventory,BEARISH,0.65,0.35,PENDING
KC-0a102886,2026-02-17 12:08:04.973103+00:00,sentiment,BEARISH,0.65,0.35,PENDING
KC-0a102886,2026-02-17 12:08:04.973103+00:00,technical,BEARISH,0.65,0.35,PENDING
KC-0a102886,2026-02-17 12:08:04.973103+00:00,volatility,BEARISH,0.8,0.19999999999999996,PENDING
KC-154a1048,2026-02-17 12:12:40.862320+00:00,agronomist,BEARISH,0.8,0.19999999999999996,PENDING
KC-154a1048,2026-02-17 12:12:40.862320+00:00,macro,NEUTRAL,0.65,0.5,PENDING
KC-154a1048,2026-02-17 12:12:40.862320+00:00,geopolitical,NEUTRAL,0.65,0.5,PENDING
KC-154a1048,2026-02-17 12:12:40.862320+00:00,supply_chain,BULLISH,0.65,0.65,PENDING
KC-154a1048,2026-02-17 12:12:40.862320+00:00,inventory,BEARISH,0.65,0.35,PENDING
KC-154a1048,2026-02-17 12:12:40.862320+00:00,sentiment,BEARISH,0.65,0.35,PENDING
KC-154a1048,2026-02-17 12:12:40.862320+00:00,technical,BEARISH,0.65,0.35,PENDING
KC-154a1048,2026-02-17 12:12:40.862320+00:00,volatility,BEARISH,0.8,0.19999999999999996,PENDING
KC-98763078,2026-02-17 12:13:47.597175+00:00,agronomist,BEARISH,0.8,0.19999999999999996,PENDING
KC-98763078,2026-02-17 12:13:47.597175+00:00,macro,NEUTRAL,0.65,0.5,PENDING
KC-98763078,2026-02-17 12:13:47.597175+00:00,geopolitical,NEUTRAL,0.65,0.5,PENDING
KC-98763078,2026-02-17 12:13:47.597175+00:00,supply_chain,BULLISH,0.65,0.65,PENDING
KC-98763078,2026-02-17 12:13:47.597175+00:00,inventory,BULLISH,0.65,0.65,PENDING
KC-98763078,2026-02-17 12:13:47.597175+00:00,sentiment,BEARISH,0.8,0.19999999999999996,PENDING
KC-98763078,2026-02-17 12:13:47.597175+00:00,technical,BEARISH,0.65,0.35,PENDING
KC-98763078,2026-02-17 12:13:47.597175+00:00,volatility,BEARISH,0.8,0.19999999999999996,PENDING
KC-310f90a7,2026-02-17 12:16:43.743539+00:00,agronomist,BEARISH,0.8,0.19999999999999996,PENDING
KC-310f90a7,2026-02-17 12:16:43.743539+00:00,macro,NEUTRAL,0.65,0.5,PENDING
KC-310f90a7,2026-02-17 12:16:43.743539+00:00,geopolitical,NEUTRAL,0.65,0.5,PENDING
KC-310f90a7,2026-02-17 12:16:43.743539+00:00,supply_chain,BULLISH,0.65,0.65,PENDING
KC-310f90a7,2026-02-17 12:16:43.743539+00:00,inventory,BULLISH,0.8,0.8,PENDING
KC-310f90a7,2026-02-17 12:16:43.743539+00:00,sentiment,BEARISH,0.8,0.19999999999999996,PENDING
KC-310f90a7,2026-02-17 12:16:43.743539+00:00,technical,BEARISH,0.65,0.35,PENDING
KC-310f90a7,2026-02-17 12:16:43.743539+00:00,volatility,BEARISH,0.8,0.19999999999999996,PENDING
KC-053f52c8,2026-02-17 12:28:04.689595+00:00,agronomist,BEARISH,0.8,0.19999999999999996,PENDING
KC-053f52c8,2026-02-17 12:28:04.709937+00:00,macro,NEUTRAL,0.65,0.5,PENDING
KC-053f52c8,2026-02-17 12:28:04.713242+00:00,geopolitical,NEUTRAL,0.65,0.5,PENDING
KC-053f52c8,2026-02-17 12:28:04.717038+00:00,supply_chain,BULLISH,0.65,0.65,PENDING
KC-053f52c8,2026-02-17 12:28:04.720075+00:00,inventory,BULLISH,0.65,0.65,PENDING
KC-053f52c8,2026-02-17 12:28:04.723070+00:00,sentiment,NEUTRAL,0.65,0.5,PENDING
KC-053f52c8,2026-02-17 12:28:04.726193+00:00,technical,BEARISH,0.65,0.35,PENDING
KC-053f52c8,2026-02-17 12:28:04.729194+00:00,volatility,BEARISH,0.8,0.19999999999999996,PENDING
KC-57d0836d,2026-02-17 14:27:25.368160+00:00,agronomist,BEARISH,0.8,0.19999999999999996,PENDING
KC-57d0836d,2026-02-17 14:27:25.368160+00:00,macro,NEUTRAL,0.65,0.5,PENDING
KC-57d0836d,2026-02-17 14:27:25.368160+00:00,geopolitical,NEUTRAL,0.65,0.5,PENDING
KC-57d0836d,2026-02-17 14:27:25.368160+00:00,supply_chain,BULLISH,0.8,0.8,PENDING
KC-57d0836d,2026-02-17 14:27:25.368160+00:00,inventory,BEARISH,0.8,0.19999999999999996,PENDING
KC-57d0836d,2026-02-17 14:27:25.368160+00:00,sentiment,BEARISH,0.65,0.35,PENDING
KC-57d0836d,2026-02-17 14:27:25.368160+00:00,technical,BEARISH,0.65,0.35,PENDING
KC-57d0836d,2026-02-17 14:27:25.368160+00:00,volatility,BEARISH,0.8,0.19999999999999996,PENDING
KC-4d7395cb,2026-02-17 14:30:50.664257+00:00,agronomist,BEARISH,0.8,0.19999999999999996,PENDING
KC-4d7395cb,2026-02-17 14:30:50.664257+00:00,macro,NEUTRAL,0.65,0.5,PENDING
KC-4d7395cb,2026-02-17 14:30:50.664257+00:00,geopolitical,NEUTRAL,0.65,0.5,PENDING
KC-4d7395cb,2026-02-17 14:30:50.664257+00:00,supply_chain,BULLISH,0.8,0.8,PENDING
KC-4d7395cb,2026-02-17 14:30:50.664257+00:00,inventory,BEARISH,0.8,0.19999999999999996,PENDING
KC-4d7395cb,2026-02-17 14:30:50.664257+00:00,sentiment,BEARISH,0.8,0.19999999999999996,PENDING
KC-4d7395cb,2026-02-17 14:30:50.664257+00:00,technical,BEARISH,0.65,0.35,PENDING
KC-4d7395cb,2026-02-17 14:30:50.664257+00:00,volatility,BEARISH,0.8,0.19999999999999996,PENDING
KC-80a5a0a8,2026-02-17 14:33:22.647595+00:00,agronomist,BEARISH,0.8,0.19999999999999996,PENDING
KC-80a5a0a8,2026-02-17 14:33:22.647595+00:00,macro,NEUTRAL,0.65,0.5,PENDING
KC-80a5a0a8,2026-02-17 14:33:22.647595+00:00,geopolitical,NEUTRAL,0.65,0.5,PENDING
KC-80a5a0a8,2026-02-17 14:33:22.647595+00:00,supply_chain,BULLISH,0.8,0.8,PENDING
KC-80a5a0a8,2026-02-17 14:33:22.647595+00:00,inventory,BEARISH,0.8,0.19999999999999996,PENDING
KC-80a5a0a8,2026-02-17 14:33:22.647595+00:00,sentiment,BEARISH,0.8,0.19999999999999996,PENDING
KC-80a5a0a8,2026-02-17 14:33:22.647595+00:00,technical,BEARISH,0.65,0.35,PENDING
KC-80a5a0a8,2026-02-17 14:33:22.647595+00:00,volatility,BEARISH,0.8,0.19999999999999996,PENDING
KC-bc6804b7,2026-02-17 14:33:31.061612+00:00,agronomist,BEARISH,0.8,0.19999999999999996,PENDING
KC-bc6804b7,2026-02-17 14:33:31.061612+00:00,macro,NEUTRAL,0.65,0.5,PENDING
KC-bc6804b7,2026-02-17 14:33:31.061612+00:00,geopolitical,NEUTRAL,0.65,0.5,PENDING
KC-bc6804b7,2026-02-17 14:33:31.061612+00:00,supply_chain,BULLISH,0.8,0.8,PENDING
KC-bc6804b7,2026-02-17 14:33:31.061612+00:00,inventory,BEARISH,0.65,0.35,PENDING
KC-bc6804b7,2026-02-17 14:33:31.061612+00:00,sentiment,BEARISH,0.8,0.19999999999999996,PENDING
KC-bc6804b7,2026-02-17 14:33:31.061612+00:00,technical,BEARISH,0.65,0.35,PENDING
KC-bc6804b7,2026-02-17 14:33:31.061612+00:00,volatility,BEARISH,0.8,0.19999999999999996,PENDING
KC-3949c626,2026-02-17 14:38:27.111749+00:00,agronomist,BEARISH,0.8,0.19999999999999996,PENDING
KC-3949c626,2026-02-17 14:38:27.111749+00:00,macro,NEUTRAL,0.65,0.5,PENDING
KC-3949c626,2026-02-17 14:38:27.111749+00:00,geopolitical,NEUTRAL,0.65,0.5,PENDING
KC-3949c626,2026-02-17 14:38:27.111749+00:00,supply_chain,BULLISH,0.8,0.8,PENDING
KC-3949c626,2026-02-17 14:38:27.111749+00:00,inventory,BEARISH,0.8,0.19999999999999996,PENDING
KC-3949c626,2026-02-17 14:38:27.111749+00:00,sentiment,BEARISH,0.8,0.19999999999999996,PENDING
KC-3949c626,2026-02-17 14:38:27.111749+00:00,technical,BEARISH,0.65,0.35,PENDING
KC-3949c626,2026-02-17 14:38:27.111749+00:00,volatility,BEARISH,0.8,0.19999999999999996,PENDING
KC-d82f2f30,2026-02-17 15:29:45.155976+00:00,agronomist,BEARISH,0.8,0.19999999999999996,PENDING
KC-d82f2f30,2026-02-17 15:29:45.161799+00:00,macro,NEUTRAL,0.65,0.5,PENDING
KC-d82f2f30,2026-02-17 15:29:45.166427+00:00,geopolitical,NEUTRAL,0.65,0.5,PENDING
KC-d82f2f30,2026-02-17 15:29:45.170181+00:00,supply_chain,BULLISH,0.8,0.8,PENDING
KC-d82f2f30,2026-02-17 15:29:45.198764+00:00,inventory,BEARISH,0.8,0.19999999999999996,PENDING
KC-d82f2f30,2026-02-17 15:29:45.202821+00:00,sentiment,NEUTRAL,0.65,0.5,PENDING
KC-d82f2f30,2026-02-17 15:29:45.206497+00:00,technical,BEARISH,0.65,0.35,PENDING
KC-d82f2f30,2026-02-17 15:29:45.210663+00:00,volatility,BEARISH,0.8,0.19999999999999996,PENDING
KC-f8818256,2026-02-17 16:03:59.645510+00:00,agronomist,BEARISH,0.8,0.19999999999999996,PENDING
KC-f8818256,2026-02-17 16:03:59.645510+00:00,macro,NEUTRAL,0.65,0.5,PENDING
KC-f8818256,2026-02-17 16:03:59.645510+00:00,geopolitical,NEUTRAL,0.65,0.5,PENDING
KC-f8818256,2026-02-17 16:03:59.645510+00:00,supply_chain,BULLISH,0.8,0.8,PENDING
KC-f8818256,2026-02-17 16:03:59.645510+00:00,inventory,BEARISH,0.65,0.35,PENDING
KC-f8818256,2026-02-17 16:03:59.645510+00:00,sentiment,BEARISH,0.65,0.35,PENDING
KC-f8818256,2026-02-17 16:03:59.645510+00:00,technical,BEARISH,0.65,0.35,PENDING
KC-f8818256,2026-02-17 16:03:59.645510+00:00,volatility,BEARISH,0.8,0.19999999999999996,PENDING
KC-551a5681,2026-02-17 16:11:16.988620+00:00,agronomist,BEARISH,0.8,0.19999999999999996,PENDING
KC-551a5681,2026-02-17 16:11:17.026652+00:00,macro,NEUTRAL,0.65,0.5,PENDING
KC-551a5681,2026-02-17 16:11:17.031140+00:00,geopolitical,NEUTRAL,0.65,0.5,PENDING
KC-551a5681,2026-02-17 16:11:17.035679+00:00,supply_chain,BULLISH,0.8,0.8,PENDING
KC-551a5681,2026-02-17 16:11:17.063470+00:00,inventory,BEARISH,0.65,0.35,PENDING
KC-551a5681,2026-02-17 16:11:17.067529+00:00,sentiment,BEARISH,0.65,0.35,PENDING
KC-551a5681,2026-02-17 16:11:17.072064+00:00,technical,BEARISH,0.65,0.35,PENDING
KC-551a5681,2026-02-17 16:11:17.075990+00:00,volatility,BEARISH,0.8,0.19999999999999996,PENDING
KC-5bc23435,2026-02-17 16:43:28.628699+00:00,agronomist,BEARISH,0.8,0.19999999999999996,PENDING
KC-5bc23435,2026-02-17 16:43:28.628699+00:00,macro,NEUTRAL,0.65,0.5,PENDING
KC-5bc23435,2026-02-17 16:43:28.628699+00:00,geopolitical,NEUTRAL,0.65,0.5,PENDING
KC-5bc23435,2026-02-17 16:43:28.628699+00:00,supply_chain,NEUTRAL,0.55,0.5,PENDING
KC-5bc23435,2026-02-17 16:43:28.628699+00:00,inventory,BULLISH,0.55,0.55,PENDING
KC-5bc23435,2026-02-17 16:43:28.628699+00:00,sentiment,NEUTRAL,0.65,0.5,PENDING
KC-5bc23435,2026-02-17 16:43:28.628699+00:00,technical,BEARISH,0.65,0.35,PENDING
KC-5bc23435,2026-02-17 16:43:28.628699+00:00,volatility,NEUTRAL,0.55,0.5,PENDING
KC-5bc23435,2026-02-17 16:43:28.628699+00:00,master_decision,BEARISH,0.7,0.30000000000000004,PENDING
KC-2e7572bc,2026-02-17 16:43:47.675694+00:00,agronomist,NEUTRAL,0.55,0.5,PENDING
KC-2e7572bc,2026-02-17 16:43:47.675694+00:00,macro,NEUTRAL,0.55,0.5,PENDING
KC-2e7572bc,2026-02-17 16:43:47.675694+00:00,geopolitical,NEUTRAL,0.55,0.5,PENDING
KC-2e7572bc,2026-02-17 16:43:47.675694+00:00,supply_chain,NEUTRAL,0.55,0.5,PENDING
KC-2e7572bc,2026-02-17 16:43:47.675694+00:00,inventory,NEUTRAL,0.55,0.5,PENDING
KC-2e7572bc,2026-02-17 16:43:47.675694+00:00,sentiment,NEUTRAL,0.65,0.5,PENDING
KC-2e7572bc,2026-02-17 16:43:47.675694+00:00,technical,BULLISH,0.65,0.65,PENDING
KC-2e7572bc,2026-02-17 16:43:47.675694+00:00,volatility,NEUTRAL,0.55,0.5,PENDING
KC-2e7572bc,2026-02-17 16:43:47.675694+00:00,master_decision,NEUTRAL,0.7,0.5,PENDING
KC-9fddfd05,2026-02-17 16:45:00.483214+00:00,agronomist,NEUTRAL,0.55,0.5,PENDING
KC-9fddfd05,2026-02-17 16:45:00.483214+00:00,macro,NEUTRAL,0.55,0.5,PENDING
KC-9fddfd05,2026-02-17 16:45:00.483214+00:00,geopolitical,NEUTRAL,0.55,0.5,PENDING
KC-9fddfd05,2026-02-17 16:45:00.483214+00:00,supply_chain,NEUTRAL,0.55,0.5,PENDING
KC-9fddfd05,2026-02-17 16:45:00.483214+00:00,inventory,NEUTRAL,0.55,0.5,PENDING
KC-9fddfd05,2026-02-17 16:45:00.483214+00:00,sentiment,NEUTRAL,0.65,0.5,PENDING
KC-9fddfd05,2026-02-17 16:45:00.483214+00:00,technical,BEARISH,0.65,0.35,PENDING
KC-9fddfd05,2026-02-17 16:45:00.483214+00:00,volatility,NEUTRAL,0.55,0.5,PENDING
KC-9fddfd05,2026-02-17 16:45:00.483214+00:00,master_decision,BEARISH,0.7,0.30000000000000004,PENDING
KC-f6972ee2,2026-02-17 16:46:46.380610+00:00,agronomist,NEUTRAL,0.65,0.5,PENDING
KC-f6972ee2,2026-02-17 16:46:46.380610+00:00,macro,NEUTRAL,0.65,0.5,PENDING
KC-f6972ee2,2026-02-17 16:46:46.380610+00:00,geopolitical,NEUTRAL,0.65,0.5,PENDING
KC-f6972ee2,2026-02-17 16:46:46.380610+00:00,supply_chain,NEUTRAL,0.55,0.5,PENDING
KC-f6972ee2,2026-02-17 16:46:46.380610+00:00,inventory,NEUTRAL,0.55,0.5,PENDING
KC-f6972ee2,2026-02-17 16:46:46.380610+00:00,sentiment,NEUTRAL,0.65,0.5,PENDING
KC-f6972ee2,2026-02-17 16:46:46.380610+00:00,technical,BULLISH,0.65,0.65,PENDING
KC-f6972ee2,2026-02-17 16:46:46.380610+00:00,volatility,NEUTRAL,0.55,0.5,PENDING
KC-42f51533,2026-02-17 16:47:00.143303+00:00,agronomist,BEARISH,0.65,0.35,PENDING
KC-42f51533,2026-02-17 16:47:00.143303+00:00,macro,NEUTRAL,0.65,0.5,PENDING
KC-42f51533,2026-02-17 16:47:00.143303+00:00,geopolitical,NEUTRAL,0.65,0.5,PENDING
KC-42f51533,2026-02-17 16:47:00.143303+00:00,supply_chain,NEUTRAL,0.55,0.5,PENDING
KC-42f51533,2026-02-17 16:47:00.143303+00:00,inventory,NEUTRAL,0.55,0.5,PENDING
KC-42f51533,2026-02-17 16:47:00.143303+00:00,sentiment,NEUTRAL,0.55,0.5,PENDING
KC-42f51533,2026-02-17 16:47:00.143303+00:00,technical,BULLISH,0.55,0.55,PENDING
KC-42f51533,2026-02-17 16:47:00.143303+00:00,volatility,NEUTRAL,0.55,0.5,PENDING
KC-6ee0700e,2026-02-18 09:47:24.284010+00:00,agronomist,BEARISH,0.8,0.19999999999999996,PENDING
KC-6ee0700e,2026-02-18 09:47:24.284010+00:00,macro,NEUTRAL,0.65,0.5,PENDING
KC-6ee0700e,2026-02-18 09:47:24.284010+00:00,geopolitical,NEUTRAL,0.65,0.5,PENDING
KC-6ee0700e,2026-02-18 09:47:24.284010+00:00,supply_chain,BULLISH,0.8,0.8,PENDING
KC-6ee0700e,2026-02-18 09:47:24.284010+00:00,inventory,BEARISH,0.8,0.19999999999999996,PENDING
KC-6ee0700e,2026-02-18 09:47:24.284010+00:00,sentiment,BEARISH,0.8,0.19999999999999996,PENDING
KC-6ee0700e,2026-02-18 09:47:24.284010+00:00,technical,BEARISH,0.65,0.35,PENDING
KC-6ee0700e,2026-02-18 09:47:24.284010+00:00,volatility,BEARISH,0.8,0.19999999999999996,PENDING
KC-6ee0700e,2026-02-18 09:47:24.284010+00:00,master_decision,BEARISH,0.7,0.30000000000000004,PENDING
KC-57e009d8,2026-02-18 09:48:36.501230+00:00,agronomist,BEARISH,0.8,0.19999999999999996,PENDING
KC-57e009d8,2026-02-18 09:48:36.501230+00:00,macro,NEUTRAL,0.65,0.5,PENDING
KC-57e009d8,2026-02-18 09:48:36.501230+00:00,geopolitical,NEUTRAL,0.65,0.5,PENDING
KC-57e009d8,2026-02-18 09:48:36.501230+00:00,supply_chain,BULLISH,0.8,0.8,PENDING
KC-57e009d8,2026-02-18 09:48:36.501230+00:00,inventory,BULLISH,0.65,0.65,PENDING
KC-57e009d8,2026-02-18 09:48:36.501230+00:00,sentiment,BEARISH,0.8,0.19999999999999996,PENDING
KC-57e009d8,2026-02-18 09:48:36.501230+00:00,technical,BEARISH,0.65,0.35,PENDING
KC-57e009d8,2026-02-18 09:48:36.501230+00:00,volatility,BEARISH,0.8,0.19999999999999996,PENDING
KC-57e009d8,2026-02-18 09:48:36.501230+00:00,master_decision,BEARISH,0.35,0.65,PENDING
KC-c9bf85f4,2026-02-18 09:49:37.074776+00:00,agronomist,BEARISH,0.8,0.19999999999999996,PENDING
KC-c9bf85f4,2026-02-18 09:49:37.074776+00:00,macro,NEUTRAL,0.65,0.5,PENDING
KC-c9bf85f4,2026-02-18 09:49:37.074776+00:00,geopolitical,NEUTRAL,0.55,0.5,PENDING
KC-c9bf85f4,2026-02-18 09:49:37.074776+00:00,supply_chain,BULLISH,0.8,0.8,PENDING
KC-c9bf85f4,2026-02-18 09:49:37.074776+00:00,inventory,BEARISH,0.8,0.19999999999999996,PENDING
KC-c9bf85f4,2026-02-18 09:49:37.074776+00:00,sentiment,BEARISH,0.8,0.19999999999999996,PENDING
KC-c9bf85f4,2026-02-18 09:49:37.074776+00:00,technical,BEARISH,0.65,0.35,PENDING
KC-c9bf85f4,2026-02-18 09:49:37.074776+00:00,volatility,BEARISH,0.8,0.19999999999999996,PENDING
KC-c9bf85f4,2026-02-18 09:49:37.074776+00:00,master_decision,BEARISH,0.7,0.30000000000000004,PENDING
KC-192b0aa8,2026-02-18 09:50:44.474664+00:00,agronomist,BEARISH,0.8,0.19999999999999996,PENDING
KC-192b0aa8,2026-02-18 09:50:44.474664+00:00,macro,NEUTRAL,0.65,0.5,PENDING
KC-192b0aa8,2026-02-18 09:50:44.474664+00:00,geopolitical,NEUTRAL,0.55,0.5,PENDING
KC-192b0aa8,2026-02-18 09:50:44.474664+00:00,supply_chain,BULLISH,0.8,0.8,PENDING
KC-192b0aa8,2026-02-18 09:50:44.474664+00:00,inventory,BEARISH,0.8,0.19999999999999996,PENDING
KC-192b0aa8,2026-02-18 09:50:44.474664+00:00,sentiment,BEARISH,0.8,0.19999999999999996,PENDING
KC-192b0aa8,2026-02-18 09:50:44.474664+00:00,technical,BEARISH,0.65,0.35,PENDING
KC-192b0aa8,2026-02-18 09:50:44.474664+00:00,volatility,BEARISH,0.8,0.19999999999999996,PENDING
KC-192b0aa8,2026-02-18 09:50:44.474664+00:00,master_decision,BEARISH,0.7,0.30000000000000004,PENDING
KC-717995c3,2026-02-18 09:54:38.762224+00:00,agronomist,BEARISH,0.8,0.19999999999999996,PENDING
KC-717995c3,2026-02-18 09:54:38.762224+00:00,macro,NEUTRAL,0.65,0.5,PENDING
KC-717995c3,2026-02-18 09:54:38.762224+00:00,geopolitical,NEUTRAL,0.65,0.5,PENDING
KC-717995c3,2026-02-18 09:54:38.762224+00:00,supply_chain,BULLISH,0.8,0.8,PENDING
KC-717995c3,2026-02-18 09:54:38.762224+00:00,inventory,BEARISH,0.8,0.19999999999999996,PENDING
KC-717995c3,2026-02-18 09:54:38.762224+00:00,sentiment,BEARISH,0.8,0.19999999999999996,PENDING
KC-717995c3,2026-02-18 09:54:38.762224+00:00,technical,BEARISH,0.65,0.35,PENDING
KC-717995c3,2026-02-18 09:54:38.762224+00:00,volatility,BEARISH,0.8,0.19999999999999996,PENDING
KC-717995c3,2026-02-18 09:54:38.762224+00:00,master_decision,BEARISH,0.7,0.30000000000000004,PENDING
KC-3d509bb2,2026-02-18 10:53:57.245887+00:00,agronomist,BULLISH,0.8,0.8,PENDING
KC-3d509bb2,2026-02-18 10:53:57.250818+00:00,macro,NEUTRAL,0.65,0.5,PENDING
KC-3d509bb2,2026-02-18 10:53:57.255092+00:00,geopolitical,NEUTRAL,0.65,0.5,PENDING
KC-3d509bb2,2026-02-18 10:53:57.278584+00:00,supply_chain,BULLISH,0.8,0.8,PENDING
KC-3d509bb2,2026-02-18 10:53:57.282134+00:00,inventory,BEARISH,0.8,0.19999999999999996,PENDING
KC-3d509bb2,2026-02-18 10:53:57.284904+00:00,sentiment,BEARISH,0.8,0.19999999999999996,PENDING
KC-3d509bb2,2026-02-18 10:53:57.288791+00:00,technical,BEARISH,0.65,0.35,PENDING
KC-3d509bb2,2026-02-18 10:53:57.292431+00:00,volatility,BEARISH,0.8,0.19999999999999996,PENDING
KC-2ae34995,2026-02-18 10:58:36.626987+00:00,agronomist,BULLISH,0.8,0.8,PENDING
KC-2ae34995,2026-02-18 10:58:36.630584+00:00,macro,BEARISH,0.65,0.35,PENDING
KC-2ae34995,2026-02-18 10:58:36.633656+00:00,geopolitical,BEARISH,0.65,0.35,PENDING
KC-2ae34995,2026-02-18 10:58:36.651615+00:00,sentiment,BEARISH,0.65,0.35,PENDING
KC-2ae34995,2026-02-18 10:58:36.654763+00:00,volatility,BEARISH,0.8,0.19999999999999996,PENDING
KC-9de34379,2026-02-18 11:24:14.517525+00:00,agronomist,BULLISH,0.8,0.8,PENDING
KC-9de34379,2026-02-18 11:24:14.521860+00:00,macro,BEARISH,0.65,0.35,PENDING
KC-9de34379,2026-02-18 11:24:14.525183+00:00,geopolitical,BEARISH,0.65,0.35,PENDING
KC-9de34379,2026-02-18 11:24:14.543713+00:00,sentiment,BEARISH,0.65,0.35,PENDING
KC-9de34379,2026-02-18 11:24:14.546491+00:00,volatility,BEARISH,0.8,0.19999999999999996,PENDING
KC-8f8494de,2026-02-18 12:06:12.457997+00:00,agronomist,BEARISH,0.8,0.19999999999999996,PENDING
KC-8f8494de,2026-02-18 12:06:12.457997+00:00,macro,NEUTRAL,0.65,0.5,PENDING
KC-8f8494de,2026-02-18 12:06:12.457997+00:00,geopolitical,NEUTRAL,0.65,0.5,PENDING
KC-8f8494de,2026-02-18 12:06:12.457997+00:00,supply_chain,BULLISH,0.8,0.8,PENDING
KC-8f8494de,2026-02-18 12:06:12.457997+00:00,inventory,BEARISH,0.8,0.19999999999999996,PENDING
KC-8f8494de,2026-02-18 12:06:12.457997+00:00,sentiment,BEARISH,0.8,0.19999999999999996,PENDING
KC-8f8494de,2026-02-18 12:06:12.457997+00:00,technical,NEUTRAL,0.65,0.5,PENDING
KC-8f8494de,2026-02-18 12:06:12.457997+00:00,volatility,BEARISH,0.8,0.19999999999999996,PENDING
KC-8f8494de,2026-02-18 12:06:12.457997+00:00,master_decision,BEARISH,0.7,0.30000000000000004,PENDING
KC-50759b6d,2026-02-18 12:06:50.189559+00:00,agronomist,BEARISH,0.8,0.19999999999999996,PENDING
KC-50759b6d,2026-02-18 12:06:50.189559+00:00,macro,NEUTRAL,0.65,0.5,PENDING
KC-50759b6d,2026-02-18 12:06:50.189559+00:00,geopolitical,NEUTRAL,0.65,0.5,PENDING
KC-50759b6d,2026-02-18 12:06:50.189559+00:00,supply_chain,BULLISH,0.8,0.8,PENDING
KC-50759b6d,2026-02-18 12:06:50.189559+00:00,inventory,BEARISH,0.8,0.19999999999999996,PENDING
KC-50759b6d,2026-02-18 12:06:50.189559+00:00,sentiment,BEARISH,0.8,0.19999999999999996,PENDING
KC-50759b6d,2026-02-18 12:06:50.189559+00:00,technical,BEARISH,0.65,0.35,PENDING
KC-50759b6d,2026-02-18 12:06:50.189559+00:00,volatility,BEARISH,0.8,0.19999999999999996,PENDING
KC-50759b6d,2026-02-18 12:06:50.189559+00:00,master_decision,BEARISH,0.7,0.30000000000000004,PENDING
KC-a37f461c,2026-02-18 12:09:41.540336+00:00,agronomist,BEARISH,0.8,0.19999999999999996,PENDING
KC-a37f461c,2026-02-18 12:09:41.540336+00:00,macro,NEUTRAL,0.65,0.5,PENDING
KC-a37f461c,2026-02-18 12:09:41.540336+00:00,geopolitical,NEUTRAL,0.65,0.5,PENDING
KC-a37f461c,2026-02-18 12:09:41.540336+00:00,supply_chain,BULLISH,0.8,0.8,PENDING
KC-a37f461c,2026-02-18 12:09:41.540336+00:00,inventory,NEUTRAL,0.65,0.5,PENDING
KC-a37f461c,2026-02-18 12:09:41.540336+00:00,sentiment,BEARISH,0.8,0.19999999999999996,PENDING
KC-a37f461c,2026-02-18 12:09:41.540336+00:00,technical,BEARISH,0.65,0.35,PENDING
KC-a37f461c,2026-02-18 12:09:41.540336+00:00,volatility,BEARISH,0.8,0.19999999999999996,PENDING
KC-a37f461c,2026-02-18 12:09:41.540336+00:00,master_decision,NEUTRAL,0.52,0.5,PENDING
KC-3b9ad588,2026-02-18 12:12:35.423735+00:00,agronomist,BEARISH,0.8,0.19999999999999996,PENDING
KC-3b9ad588,2026-02-18 12:12:35.423735+00:00,macro,NEUTRAL,0.65,0.5,PENDING
KC-3b9ad588,2026-02-18 12:12:35.423735+00:00,geopolitical,NEUTRAL,0.65,0.5,PENDING
KC-3b9ad588,2026-02-18 12:12:35.423735+00:00,supply_chain,BULLISH,0.8,0.8,PENDING
KC-3b9ad588,2026-02-18 12:12:35.423735+00:00,inventory,NEUTRAL,0.65,0.5,PENDING
KC-3b9ad588,2026-02-18 12:12:35.423735+00:00,sentiment,BEARISH,0.8,0.19999999999999996,PENDING
KC-3b9ad588,2026-02-18 12:12:35.423735+00:00,technical,BEARISH,0.65,0.35,PENDING
KC-3b9ad588,2026-02-18 12:12:35.423735+00:00,volatility,BEARISH,0.8,0.19999999999999996,PENDING
KC-3b9ad588,2026-02-18 12:12:35.423735+00:00,master_decision,BEARISH,0.35,0.65,PENDING
KC-b1df6236,2026-02-18 12:13:16.903629+00:00,agronomist,BEARISH,0.8,0.19999999999999996,PENDING
KC-b1df6236,2026-02-18 12:13:16.903629+00:00,macro,NEUTRAL,0.65,0.5,PENDING
KC-b1df6236,2026-02-18 12:13:16.903629+00:00,geopolitical,NEUTRAL,0.65,0.5,PENDING
KC-b1df6236,2026-02-18 12:13:16.903629+00:00,supply_chain,BULLISH,0.8,0.8,PENDING
KC-b1df6236,2026-02-18 12:13:16.903629+00:00,inventory,NEUTRAL,0.65,0.5,PENDING
KC-b1df6236,2026-02-18 12:13:16.903629+00:00,sentiment,BEARISH,0.8,0.19999999999999996,PENDING
KC-b1df6236,2026-02-18 12:13:16.903629+00:00,technical,BEARISH,0.65,0.35,PENDING
KC-b1df6236,2026-02-18 12:13:16.903629+00:00,volatility,BEARISH,0.8,0.19999999999999996,PENDING
KC-b1df6236,2026-02-18 12:13:16.903629+00:00,master_decision,NEUTRAL,0.52,0.5,PENDING
KC-85be62d1,2026-02-18 12:54:57.104395+00:00,agronomist,BEARISH,0.8,0.19999999999999996,PENDING
KC-85be62d1,2026-02-18 12:54:57.108959+00:00,macro,NEUTRAL,0.65,0.5,PENDING
KC-85be62d1,2026-02-18 12:54:57.112520+00:00,geopolitical,NEUTRAL,0.65,0.5,PENDING
KC-85be62d1,2026-02-18 12:54:57.116063+00:00,supply_chain,BULLISH,0.8,0.8,PENDING
KC-85be62d1,2026-02-18 12:54:57.119220+00:00,inventory,NEUTRAL,0.65,0.5,PENDING
KC-85be62d1,2026-02-18 12:54:57.122887+00:00,sentiment,NEUTRAL,0.65,0.5,PENDING
KC-85be62d1,2026-02-18 12:54:57.145140+00:00,technical,BEARISH,0.65,0.35,PENDING
KC-85be62d1,2026-02-18 12:54:57.148815+00:00,volatility,BEARISH,0.8,0.19999999999999996,PENDING
KC-10168ae6,2026-02-18 14:25:30.602066+00:00,agronomist,BEARISH,0.8,0.19999999999999996,PENDING
KC-10168ae6,2026-02-18 14:25:30.602066+00:00,macro,NEUTRAL,0.65,0.5,PENDING
KC-10168ae6,2026-02-18 14:25:30.602066+00:00,geopolitical,NEUTRAL,0.65,0.5,PENDING
KC-10168ae6,2026-02-18 14:25:30.602066+00:00,supply_chain,BULLISH,0.8,0.8,PENDING
KC-10168ae6,2026-02-18 14:25:30.602066+00:00,inventory,NEUTRAL,0.65,0.5,PENDING
KC-10168ae6,2026-02-18 14:25:30.602066+00:00,sentiment,NEUTRAL,0.55,0.5,PENDING
KC-10168ae6,2026-02-18 14:25:30.602066+00:00,technical,BEARISH,0.65,0.35,PENDING
KC-10168ae6,2026-02-18 14:25:30.602066+00:00,volatility,BEARISH,0.8,0.19999999999999996,PENDING
KC-10168ae6,2026-02-18 14:25:30.602066+00:00,master_decision,NEUTRAL,0.52,0.5,PENDING
KC-4081ef5a,2026-02-18 14:25:49.627075+00:00,agronomist,BEARISH,0.8,0.19999999999999996,PENDING
KC-4081ef5a,2026-02-18 14:25:49.627075+00:00,macro,NEUTRAL,0.65,0.5,PENDING
KC-4081ef5a,2026-02-18 14:25:49.627075+00:00,geopolitical,NEUTRAL,0.65,0.5,PENDING
KC-4081ef5a,2026-02-18 14:25:49.627075+00:00,supply_chain,BULLISH,0.8,0.8,PENDING
KC-4081ef5a,2026-02-18 14:25:49.627075+00:00,inventory,BEARISH,0.65,0.35,PENDING
KC-4081ef5a,2026-02-18 14:25:49.627075+00:00,sentiment,BEARISH,0.8,0.19999999999999996,PENDING
KC-4081ef5a,2026-02-18 14:25:49.627075+00:00,technical,BEARISH,0.65,0.35,PENDING
KC-4081ef5a,2026-02-18 14:25:49.627075+00:00,volatility,BEARISH,0.8,0.19999999999999996,PENDING
KC-4081ef5a,2026-02-18 14:25:49.627075+00:00,master_decision,BEARISH,0.7,0.30000000000000004,PENDING
KC-6e9a1088,2026-02-18 14:25:59.358562+00:00,agronomist,BEARISH,0.8,0.19999999999999996,PENDING
KC-6e9a1088,2026-02-18 14:25:59.358562+00:00,macro,NEUTRAL,0.65,0.5,PENDING
KC-6e9a1088,2026-02-18 14:25:59.358562+00:00,geopolitical,NEUTRAL,0.65,0.5,PENDING
KC-6e9a1088,2026-02-18 14:25:59.358562+00:00,supply_chain,BULLISH,0.8,0.8,PENDING
KC-6e9a1088,2026-02-18 14:25:59.358562+00:00,inventory,BEARISH,0.8,0.19999999999999996,PENDING
KC-6e9a1088,2026-02-18 14:25:59.358562+00:00,sentiment,BEARISH,0.8,0.19999999999999996,PENDING
KC-6e9a1088,2026-02-18 14:25:59.358562+00:00,technical,BEARISH,0.65,0.35,PENDING
KC-6e9a1088,2026-02-18 14:25:59.358562+00:00,volatility,BEARISH,0.8,0.19999999999999996,PENDING
KC-6e9a1088,2026-02-18 14:25:59.358562+00:00,master_decision,BEARISH,0.9,0.09999999999999998,PENDING
KC-c43c3741,2026-02-18 14:28:36.366106+00:00,agronomist,BEARISH,0.8,0.19999999999999996,PENDING
KC-c43c3741,2026-02-18 14:28:36.366106+00:00,macro,NEUTRAL,0.65,0.5,PENDING
KC-c43c3741,2026-02-18 14:28:36.366106+00:00,geopolitical,NEUTRAL,0.65,0.5,PENDING
KC-c43c3741,2026-02-18 14:28:36.366106+00:00,supply_chain,BULLISH,0.8,0.8,PENDING
KC-c43c3741,2026-02-18 14:28:36.366106+00:00,inventory,BEARISH,0.8,0.19999999999999996,PENDING
KC-c43c3741,2026-02-18 14:28:36.366106+00:00,sentiment,BEARISH,0.8,0.19999999999999996,PENDING
KC-c43c3741,2026-02-18 14:28:36.366106+00:00,technical,BEARISH,0.65,0.35,PENDING
KC-c43c3741,2026-02-18 14:28:36.366106+00:00,volatility,BEARISH,0.8,0.19999999999999996,PENDING
KC-c43c3741,2026-02-18 14:28:36.366106+00:00,master_decision,BEARISH,0.7,0.30000000000000004,PENDING
KC-4f04c293,2026-02-18 14:30:41.282122+00:00,agronomist,BEARISH,0.8,0.19999999999999996,PENDING
KC-4f04c293,2026-02-18 14:30:41.282122+00:00,macro,NEUTRAL,0.65,0.5,PENDING
KC-4f04c293,2026-02-18 14:30:41.282122+00:00,geopolitical,NEUTRAL,0.65,0.5,PENDING
KC-4f04c293,2026-02-18 14:30:41.282122+00:00,supply_chain,BULLISH,0.8,0.8,PENDING
KC-4f04c293,2026-02-18 14:30:41.282122+00:00,inventory,NEUTRAL,0.65,0.5,PENDING
KC-4f04c293,2026-02-18 14:30:41.282122+00:00,sentiment,BEARISH,0.8,0.19999999999999996,PENDING
KC-4f04c293,2026-02-18 14:30:41.282122+00:00,technical,BEARISH,0.65,0.35,PENDING
KC-4f04c293,2026-02-18 14:30:41.282122+00:00,volatility,BEARISH,0.8,0.19999999999999996,PENDING
KC-4f04c293,2026-02-18 14:30:41.282122+00:00,master_decision,BEARISH,0.35,0.65,PENDING
KC-c0d65c70,2026-02-18 14:56:51.720969+00:00,agronomist,BEARISH,0.8,0.19999999999999996,PENDING
KC-c0d65c70,2026-02-18 14:56:51.744038+00:00,macro,NEUTRAL,0.65,0.5,PENDING
KC-c0d65c70,2026-02-18 14:56:51.747764+00:00,geopolitical,NEUTRAL,0.65,0.5,PENDING
KC-c0d65c70,2026-02-18 14:56:51.751751+00:00,supply_chain,BULLISH,0.8,0.8,PENDING
KC-c0d65c70,2026-02-18 14:56:51.754716+00:00,inventory,NEUTRAL,0.65,0.5,PENDING
KC-c0d65c70,2026-02-18 14:56:51.758191+00:00,sentiment,BEARISH,0.8,0.19999999999999996,PENDING
KC-c0d65c70,2026-02-18 14:56:51.762287+00:00,technical,BEARISH,0.65,0.35,PENDING
KC-c0d65c70,2026-02-18 14:56:51.765702+00:00,volatility,BEARISH,0.8,0.19999999999999996,PENDING
KC-52d5698e,2026-02-18 15:56:32.613125+00:00,sentiment,BEARISH,0.8,0.19999999999999996,PENDING
KC-6cebef6c,2026-02-18 16:47:32.123351+00:00,agronomist,NEUTRAL,0.8,0.5,PENDING
KC-6cebef6c,2026-02-18 16:47:32.123351+00:00,macro,NEUTRAL,0.65,0.5,PENDING
KC-6cebef6c,2026-02-18 16:47:32.123351+00:00,geopolitical,NEUTRAL,0.65,0.5,PENDING
KC-6cebef6c,2026-02-18 16:47:32.123351+00:00,inventory,BEARISH,0.8,0.19999999999999996,PENDING
KC-6cebef6c,2026-02-18 16:47:32.123351+00:00,sentiment,BEARISH,0.8,0.19999999999999996,PENDING
KC-6cebef6c,2026-02-18 16:47:32.123351+00:00,technical,BEARISH,0.65,0.35,PENDING
KC-6cebef6c,2026-02-18 16:47:32.123351+00:00,volatility,NEUTRAL,0.65,0.5,PENDING
KC-6cebef6c,2026-02-18 16:47:32.123351+00:00,master_decision,BEARISH,0.7,0.30000000000000004,PENDING
KC-54bc34ec,2026-02-18 16:49:27.853206+00:00,agronomist,BEARISH,0.65,0.35,PENDING
KC-54bc34ec,2026-02-18 16:49:27.853206+00:00,macro,NEUTRAL,0.65,0.5,PENDING
KC-54bc34ec,2026-02-18 16:49:27.853206+00:00,geopolitical,NEUTRAL,0.65,0.5,PENDING
KC-54bc34ec,2026-02-18 16:49:27.853206+00:00,supply_chain,NEUTRAL,0.65,0.5,PENDING
KC-54bc34ec,2026-02-18 16:49:27.853206+00:00,inventory,BEARISH,0.8,0.19999999999999996,PENDING
KC-54bc34ec,2026-02-18 16:49:27.853206+00:00,sentiment,BEARISH,0.8,0.19999999999999996,PENDING
KC-54bc34ec,2026-02-18 16:49:27.853206+00:00,technical,BEARISH,0.65,0.35,PENDING
KC-54bc34ec,2026-02-18 16:49:27.853206+00:00,volatility,NEUTRAL,0.65,0.5,PENDING
KC-54bc34ec,2026-02-18 16:49:27.853206+00:00,master_decision,BEARISH,0.7,0.30000000000000004,PENDING
KC-c04e3c17,2026-02-18 16:51:12.738579+00:00,macro,NEUTRAL,0.65,0.5,PENDING
KC-c04e3c17,2026-02-18 16:51:12.738579+00:00,geopolitical,NEUTRAL,0.65,0.5,PENDING
KC-c04e3c17,2026-02-18 16:51:12.738579+00:00,supply_chain,BULLISH,0.8,0.8,PENDING
KC-c04e3c17,2026-02-18 16:51:12.738579+00:00,inventory,BEARISH,0.8,0.19999999999999996,PENDING
KC-c04e3c17,2026-02-18 16:51:12.738579+00:00,sentiment,BEARISH,0.8,0.19999999999999996,PENDING
KC-c04e3c17,2026-02-18 16:51:12.738579+00:00,technical,BEARISH,0.65,0.35,PENDING
KC-c04e3c17,2026-02-18 16:51:12.738579+00:00,master_decision,BEARISH,0.7,0.30000000000000004,PENDING
KC-74092779,2026-02-18 16:54:44.083249+00:00,agronomist,BEARISH,0.8,0.19999999999999996,PENDING
KC-74092779,2026-02-18 16:54:44.083249+00:00,macro,NEUTRAL,0.65,0.5,PENDING
KC-74092779,2026-02-18 16:54:44.083249+00:00,geopolitical,NEUTRAL,0.65,0.5,PENDING
KC-74092779,2026-02-18 16:54:44.083249+00:00,supply_chain,BULLISH,0.8,0.8,PENDING
KC-74092779,2026-02-18 16:54:44.083249+00:00,sentiment,BEARISH,0.8,0.19999999999999996,PENDING
KC-74092779,2026-02-18 16:54:44.083249+00:00,technical,BEARISH,0.65,0.35,PENDING
KC-74092779,2026-02-18 16:54:44.083249+00:00,volatility,BEARISH,0.8,0.19999999999999996,PENDING
KC-74092779,2026-02-18 16:54:44.083249+00:00,master_decision,NEUTRAL,0.52,0.5,PENDING
KC-f3066ad7,2026-02-18 16:55:01.632452+00:00,agronomist,BEARISH,0.8,0.19999999999999996,PENDING
KC-f3066ad7,2026-02-18 16:55:01.632452+00:00,macro,NEUTRAL,0.55,0.5,PENDING
KC-f3066ad7,2026-02-18 16:55:01.632452+00:00,geopolitical,NEUTRAL,0.65,0.5,PENDING
KC-f3066ad7,2026-02-18 16:55:01.632452+00:00,sentiment,BEARISH,0.8,0.19999999999999996,PENDING
KC-f3066ad7,2026-02-18 16:55:01.632452+00:00,technical,BEARISH,0.65,0.35,PENDING
KC-f3066ad7,2026-02-18 16:55:01.632452+00:00,volatility,NEUTRAL,0.65,0.5,PENDING
KC-f3066ad7,2026-02-18 16:55:01.632452+00:00,master_decision,BEARISH,0.7,0.30000000000000004,PENDING
