3.534484421834349632e-04,-1.402526540914550424e-04,7.038104813545942307e-04,7.612072862684726715e-03,6.860908120870590210e-03
3.534484421834349632e-04,9.879036806523799896e-04,1.034737331792712212e-03,8.270438760519027710e-03,7.154187653213739395e-03
7.365302299149334431e-04,6.406314787454903126e-04,1.490716938860714436e-03,9.864498861134052277e-03,7.649350445717573166e-03
7.960994262248277664e-04,6.406314787454903126e-04,1.762961153872311115e-03,8.991770446300506592e-03,6.787993945181369781e-03
5.023235189582919702e-06,1.148198614828288555e-03,3.360667964443564415e-03,1.150800939649343491e-02,8.116623386740684509e-03
-3.476429847069084644e-04,1.148198614828288555e-03,3.360667964443564415e-03,1.080270297825336456e-02,8.116623386740684509e-03
-1.335650595137849450e-04,1.148198614828288555e-03,3.654404543340206146e-03,1.108219288289546967e-02,9.275997057557106018e-03
-1.335650595137849450e-04,1.148198614828288555e-03,3.197561250999569893e-03,1.034307479858398438e-02,8.898707106709480286e-03
-1.335650595137849450e-04,1.148198614828288555e-03,2.866634400561451912e-03,1.034307479858398438e-02,9.229469113051891327e-03
-1.335650595137849450e-04,1.148198614828288555e-03,2.866634400561451912e-03,1.034307479858398438e-02,8.591179735958576202e-03
-4.923614906147122383e-04,1.148198614828288555e-03,4.855060018599033356e-03,1.082235388457775116e-02,8.661122061312198639e-03
-1.335650595137849450e-04,1.148198614828288555e-03,4.855060018599033356e-03,1.082235388457775116e-02,8.661122061312198639e-03
2.236994216218590736e-03,1.821857760660350323e-03,7.592583075165748596e-03,1.057744305580854416e-02,7.666210643947124481e-03
2.319559716852381825e-04,1.821857760660350323e-03,8.138408884406089783e-03,1.018907688558101654e-02,7.286978419870138168e-03
2.319919876754283905e-03,2.335930243134498596e-03,8.643748238682746887e-03,1.109967008233070374e-02,7.777019403874874115e-03
1.125055481679737568e-03,2.335930243134498596e-03,7.803311571478843689e-03,1.068990677595138550e-02,8.154309354722499847e-03
1.461233827285468578e-03,2.335930243134498596e-03,7.072339300066232681e-03,9.961988776922225952e-03,8.190632797777652740e-03
1.461233827285468578e-03,2.335930243134498596e-03,5.942451767623424530e-03,9.961988776922225952e-03,8.190632797777652740e-03
1.461233827285468578e-03,2.115158364176750183e-03,5.740115419030189514e-03,7.004777435213327408e-03,6.067219190299510956e-03
8.323322399519383907e-04,2.335930243134498596e-03,5.956488661468029022e-03,9.361227974295616150e-03,6.102427840232849121e-03
8.323322399519383907e-04,2.335930243134498596e-03,5.956488661468029022e-03,8.969513699412345886e-03,5.725137423723936081e-03
-1.535490155220031738e-03,2.335930243134498596e-03,4.405512474477291107e-03,8.581146597862243652e-03,5.382229108363389969e-03
-1.535490155220031738e-03,2.335930243134498596e-03,4.405512474477291107e-03,8.581146597862243652e-03,5.382229108363389969e-03
-2.219300018623471260e-03,2.335930243134498596e-03,2.047583693638443947e-03,8.969513699412345886e-03,5.725137423723936081e-03
-2.637823112308979034e-03,2.115158364176750183e-03,1.514976262114942074e-03,6.618969142436981201e-03,6.063407752662897110e-03
-2.103942213580012321e-03,2.335930243134498596e-03,2.263136906549334526e-03,6.057921797037124634e-03,5.591467954218387604e-03
-2.787753008306026459e-03,2.335930243134498596e-03,1.717311446554958820e-03,7.670554798096418381e-03,5.970700178295373917e-03
-2.555010374635457993e-03,2.115158364176750183e-03,2.050133422017097473e-03,3.099338850006461143e-03,4.138085059821605682e-03
-1.844506477937102318e-04,2.115158364176750183e-03,4.614449106156826019e-03,2.020131330937147141e-03,3.986943978816270828e-03
-6.956234574317932129e-05,2.115158364176750183e-03,4.614449106156826019e-03,-3.151127020828425884e-04,1.757258432917296886e-03
3.457454440649598837e-04,2.115158364176750183e-03,3.795701777562499046e-03,2.482580253854393959e-03,4.124710336327552795e-03
3.690221346914768219e-04,2.115158364176750183e-03,4.925590008497238159e-03,2.482580253854393959e-03,4.116616211831569672e-03
1.389050739817321301e-03,2.115158364176750183e-03,5.372855346649885178e-03,2.868524286895990372e-03,4.379572812467813492e-03
7.977104978635907173e-04,2.115158364176750183e-03,4.827028606086969376e-03,5.332805449143052101e-04,2.149885287508368492e-03
-9.508755756542086601e-04,2.115158364176750183e-03,4.341529216617345810e-03,-2.410299348412081599e-04,1.515794079750776291e-03
-2.657520119100809097e-03,2.115158364176750183e-03,1.448522903956472874e-03,-8.796985493972897530e-04,8.774839807301759720e-04
-2.608801238238811493e-03,2.115158364176750183e-03,1.448522903956472874e-03,8.501112461090087891e-04,2.582198474556207657e-03
-2.535942243412137032e-03,2.115158364176750183e-03,1.448522903956472874e-03,4.617447557393461466e-04,2.202967181801795959e-03
-2.535942243412137032e-03,2.115158364176750183e-03,1.448522903956472874e-03,4.617447557393461466e-04,2.194874221459031105e-03
-8.200408774428069592e-04,2.115158364176750183e-03,2.029269933700561523e-03,3.010832238942384720e-03,2.707187552005052567e-03
-8.200408774428069592e-04,2.115158364176750183e-03,3.159157233312726021e-03,1.669389195740222931e-03,1.381703419610857964e-03
-8.200408774428069592e-04,2.115158364176750183e-03,3.142226021736860275e-03,1.669389195740222931e-03,1.381703419610857964e-03
-2.094194060191512108e-03,2.115158364176750183e-03,3.142226021736860275e-03,1.249739900231361389e-03,9.725568233989179134e-04
-8.403250831179320812e-04,2.115158364176750183e-03,3.142226021736860275e-03,1.249739900231361389e-03,9.725568233989179134e-04
-1.501203863881528378e-03,2.115158364176750183e-03,3.142226021736860275e-03,6.391594652086496353e-04,6.200407515279948711e-04
-1.986973220482468605e-03,1.344646327197551727e-03,1.841093879193067551e-03,8.731767302379012108e-04,6.046664202585816383e-04
-1.739747356623411179e-03,1.344646327197551727e-03,2.483152551576495171e-03,2.214619191363453865e-03,1.922054565511643887e-03
-1.986973220482468605e-03,1.344646327197551727e-03,1.532567315734922886e-03,3.087347373366355896e-03,2.783415140584111214e-03
-2.051241230219602585e-03,1.344646327197551727e-03,1.532567315734922886e-03,1.917571993544697762e-03,1.938834902830421925e-03
-1.950227655470371246e-03,1.344646327197551727e-03,2.174626104533672333e-03,1.917571993544697762e-03,1.938834902830421925e-03
-1.950227655470371246e-03,1.344646327197551727e-03,2.174626104533672333e-03,1.917571993544697762e-03,1.938834902830421925e-03
-1.950227655470371246e-03,1.344646327197551727e-03,2.191557316109538078e-03,1.917571993544697762e-03,2.209320431575179100e-03
-1.640853239223361015e-03,1.344646327197551727e-03,2.875063801184296608e-03,1.306990627199411392e-03,1.864895457401871681e-03
-9.685984696261584759e-04,-8.094162330962717533e-04,5.766331451013684273e-04,1.797913340851664543e-03,2.202961593866348267e-03
-9.685984696261584759e-04,-8.094162330962717533e-04,5.766331451013684273e-04,1.797913340851664543e-03,2.202961593866348267e-03
-1.913093612529337406e-03,-8.094162330962717533e-04,5.766331451013684273e-04,1.797913340851664543e-03,3.109395038336515427e-03
-1.736698555760085583e-03,-3.890425068675540388e-05,1.218775403685867786e-03,2.670642687007784843e-03,3.970752470195293427e-03
-2.046073088422417641e-03,-3.890425068675540388e-05,1.434771460480988026e-03,4.630501847714185715e-03,3.977109678089618683e-03
-2.773965010419487953e-03,2.115158364176750183e-03,3.517206758260726929e-03,3.281530458480119705e-03,3.985203336924314499e-03
-2.776083769276738167e-03,2.115158364176750183e-03,3.517206758260726929e-03,2.408802043646574020e-03,3.123847767710685730e-03
-2.464590594172477722e-03,2.115158364176750183e-03,3.517206758260726929e-03,2.356182521907612681e-04,1.453940640203654766e-03
-3.720578970387578011e-03,2.115158364176750183e-03,3.517206758260726929e-03,2.356182521907612681e-04,1.453940640203654766e-03
-4.029953386634588242e-03,2.115158364176750183e-03,2.693745540454983711e-03,2.434065099805593491e-03,3.375943517312407494e-03
-4.029953386634588242e-03,1.036500441841781139e-03,1.526825479231774807e-03,1.436990918591618538e-03,3.306854749098420143e-03
-4.029953386634588242e-03,1.036500441841781139e-03,8.801775984466075897e-04,8.376258774660527706e-04,2.175872214138507843e-03
-2.104622079059481621e-03,2.097614109516143799e-03,8.801775984466075897e-04,9.501320309937000275e-04,1.161785796284675598e-03
-3.029821673408150673e-03,1.036500441841781139e-03,8.801775984466075897e-04,3.872677043545991182e-04,1.161785796284675598e-03
-1.715495134703814983e-03,1.036500441841781139e-03,8.801775984466075897e-04,9.501320309937000275e-04,1.161785796284675598e-03
-2.368942368775606155e-03,1.036500441841781139e-03,8.801775984466075897e-04,3.872677043545991182e-04,1.771539798937737942e-03
-1.558687421493232250e-03,2.405761741101741791e-03,4.736996779683977365e-04,2.169501967728137970e-04,1.161785796284675598e-03
-2.331212162971496582e-03,2.300146268680691719e-03,-1.214590156450867653e-03,-3.227465786039829254e-04,1.427249517291784286e-04
-3.531937720254063606e-03,2.288396935909986496e-04,-8.616789127700030804e-04,-4.424475482665002346e-04,1.444945926778018475e-03
-4.468545317649841309e-03,-2.866297960281372070e-03,-5.945690907537937164e-03,-6.853375118225812912e-03,-4.040675703436136246e-03
-7.300621829926967621e-03,-2.866297960281372070e-03,-5.945690907537937164e-03,-8.165902458131313324e-03,-5.073425360023975372e-03
-9.152943268418312073e-03,-5.123528186231851578e-03,-8.055537007749080658e-03,-8.734351024031639099e-03,-9.069650433957576752e-03
-1.370288804173469543e-02,-5.123528186231851578e-03,-8.769763633608818054e-03,-9.422588162124156952e-03,-1.067820098251104355e-02
-9.683035314083099365e-03,-5.123528186231851578e-03,-9.929926134645938873e-03,-1.130600553005933762e-02,-1.050066575407981873e-02
-1.110451947897672653e-02,-5.123528186231851578e-03,-9.899211116135120392e-03,-1.130600553005933762e-02,-1.010659337043762207e-02
-6.763055920600891113e-03,-5.123528186231851578e-03,-9.671153500676155090e-03,-1.092006359249353409e-02,-9.685327298939228058e-03
-9.296825155615806580e-03,-4.094799980521202087e-03,-8.668666705489158630e-03,-9.578620083630084991e-03,-9.175184182822704315e-03
-1.027874555438756943e-02,-4.094799980521202087e-03,-7.161727640777826309e-03,-9.250004775822162628e-03,-9.334597736597061157e-03
-7.247515488415956497e-03,-4.094799980521202087e-03,-7.161727640777826309e-03,-1.056895125657320023e-02,-6.721278652548789978e-03
-7.496587466448545456e-03,-4.324680659919977188e-03,-4.634344018995761871e-03,-4.214898683130741119e-03,-3.418785752728581429e-03
-6.804019678384065628e-03,-2.530182944610714912e-03,-1.810272573493421078e-03,-1.721148961223661900e-03,-1.223458559252321720e-03
-6.304241251200437546e-03,-2.530182944610714912e-03,-3.787862951867282391e-04,-1.819469616748392582e-03,3.936292487196624279e-04
-8.203048259019851685e-03,-2.640814753249287605e-03,-1.539402641355991364e-03,-2.118255943059921265e-03,3.769258037209510803e-04
-8.170136250555515289e-03,-2.640814753249287605e-03,-9.199663181789219379e-04,1.211271155625581741e-03,3.640859154984354973e-03
-6.567603442817926407e-03,-2.640814753249287605e-03,-9.199663181789219379e-04,2.233594132121652365e-04,3.640859154984354973e-03
-6.567603442817926407e-03,-4.638942773453891277e-04,-7.395980646833777428e-04,2.371142618358135223e-04,1.940118148922920227e-03
-5.628924351185560226e-03,-4.638942773453891277e-04,-7.395980646833777428e-04,2.371142618358135223e-04,2.319323364645242691e-03
-5.221262574195861816e-03,-4.638942773453891277e-04,-6.766846054233610630e-04,2.371142618358135223e-04,1.884818659164011478e-03
-5.536837037652730942e-03,-4.638942773453891277e-04,1.195150543935596943e-04,1.972994068637490273e-04,1.781783998012542725e-03
-5.088986363261938095e-03,-4.638942773453891277e-04,3.230504808016121387e-04,1.972994068637490273e-04,1.781783998012542725e-03
-5.536837037652730942e-03,-4.638942773453891277e-04,-1.010372303426265717e-03,1.123580383136868477e-03,3.209440503269433975e-03
-5.670715589076280594e-03,7.535460172221064568e-04,6.813721265643835068e-04,1.618984271772205830e-03,2.001783344894647598e-03
-5.944498348981142044e-03,7.535460172221064568e-04,6.813721265643835068e-04,1.618984271772205830e-03,2.001783344894647598e-03
-6.954897195100784302e-03,7.535460172221064568e-04,6.813721265643835068e-04,1.618984271772205830e-03,2.001783344894647598e-03
-6.686370819807052612e-03,7.535460172221064568e-04,2.138614800060167909e-04,3.224708838388323784e-03,2.051188843324780464e-03
-7.920818403363227844e-03,-2.751808497123420238e-04,-1.085790572687983513e-03,4.056449048221111298e-03,2.395613584667444229e-03
-7.611444219946861267e-03,-2.751808497123420238e-04,-1.085790572687983513e-03,3.224708838388323784e-03,2.051188843324780464e-03
-7.920818403363227844e-03,-1.353839412331581116e-03,-2.252710983157157898e-03,4.056449048221111298e-03,2.125132130458950996e-03
-7.920818403363227844e-03,-1.353839412331581116e-03,-1.749828690662980080e-03,4.517511464655399323e-03,2.125132130458950996e-03
-7.920818403363227844e-03,-1.353839412331581116e-03,-2.808608813211321831e-03,3.506832523271441460e-03,1.470831572078168392e-03
-7.976455613970756531e-03,-1.353839412331581116e-03,-2.808608813211321831e-03,3.584238234907388687e-03,1.556784147396683693e-03
-7.212967611849308014e-03,-1.353839412331581116e-03,-2.384320832788944244e-03,3.139478387311100960e-03,1.212361035868525505e-03
-6.017778534442186356e-03,-1.353839412331581116e-03,-2.611117903143167496e-03,3.971218597143888474e-03,1.869927044026553631e-03
-6.017778534442186356e-03,5.737684550695121288e-04,-5.676758009940385818e-04,3.584238234907388687e-03,1.869927044026553631e-03
-6.017778534442186356e-03,5.737684550695121288e-04,-9.132070408668369055e-05,3.695117542520165443e-03,1.980091212317347527e-03
-6.103171966969966888e-03,5.737684550695121288e-04,2.366879052715376019e-04,4.003035835921764374e-03,2.269657328724861145e-03
-4.804627038538455963e-03,2.115158364176750183e-03,2.295406768098473549e-03,2.610937692224979401e-03,2.354100579395890236e-03
-5.765428300946950912e-03,1.652426319196820259e-03,1.226609922014176846e-03,2.303019398823380470e-03,2.064536558464169502e-03
-5.121314432471990585e-03,2.115158364176750183e-03,1.147022703662514687e-03,2.233387669548392296e-03,2.064536558464169502e-03
-5.706590600311756134e-03,2.115158364176750183e-03,1.782594481483101845e-03,5.525954533368349075e-03,1.798488432541489601e-03
-5.706590600311756134e-03,2.115158364176750183e-03,1.160849351435899734e-03,4.450886510312557220e-03,2.730568638071417809e-03
-5.706590600311756134e-03,2.115158364176750183e-03,8.532861829735338688e-04,4.162797704339027405e-03,2.440538723021745682e-03
-5.432807374745607376e-03,2.115158364176750183e-03,2.054387936368584633e-03,5.304167978465557098e-03,3.175553632900118828e-03
-5.432807374745607376e-03,2.335930243134498596e-03,1.928714453242719173e-03,7.040154654532670975e-03,4.951198585331439972e-03
-5.093417596071958542e-03,2.335930243134498596e-03,1.112395548261702061e-03,6.729193963110446930e-03,4.176147747784852982e-03
-3.880419768393039703e-03,2.335930243134498596e-03,1.440404215827584267e-03,7.037112023681402206e-03,4.947484936565160751e-03
-5.367200821638107300e-03,1.873064204119145870e-03,6.948662339709699154e-04,4.797631409019231796e-03,1.090176519937813282e-03
-4.638768732547760010e-03,1.873064204119145870e-03,6.948662339709699154e-04,5.677306558936834335e-03,3.842951264232397079e-03
-5.093417596071958542e-03,1.873064204119145870e-03,6.948662339709699154e-04,4.797631409019231796e-03,2.885987516492605209e-03
-4.819098394364118576e-03,1.873064204119145870e-03,1.227739150635898113e-03,2.614459954202175140e-03,2.885987516492605209e-03
-3.880419768393039703e-03,1.873064204119145870e-03,1.227739150635898113e-03,2.925420412793755531e-03,3.179267281666398048e-03
-4.154202993959188461e-03,1.873064204119145870e-03,1.227739150635898113e-03,2.925420412793755531e-03,1.236919430084526539e-03
-3.935163374990224838e-03,1.873064204119145870e-03,1.968527678400278091e-03,2.537053544074296951e-03,4.778233123943209648e-04
-2.494374522939324379e-03,1.873064204119145870e-03,1.968527678400278091e-03,2.537053544074296951e-03,4.778233123943209648e-04
-3.661380149424076080e-03,1.873064204119145870e-03,2.784846350550651550e-03,2.537053544074296951e-03,4.778233123943209648e-04
-3.970754798501729965e-03,1.873064204119145870e-03,2.067031571641564369e-03,4.333739634603261948e-03,1.151983044110238552e-03
-3.498308826237916946e-03,2.934179268777370453e-03,2.491319784894585609e-03,5.527155473828315735e-03,1.348099671304225922e-03
-5.204319022595882416e-03,2.318385988473892212e-03,7.847678498364984989e-04,4.058033693581819534e-03,6.721083191223442554e-04
-5.204319022595882416e-03,2.318385988473892212e-03,7.394104031845927238e-04,4.908163566142320633e-03,1.163598615676164627e-03
-3.458638209849596024e-03,2.626533387228846550e-03,6.051983218640089035e-04,2.769249724224209785e-03,-6.571513367816805840e-04
-4.576732870191335678e-03,1.307595171965658665e-03,-1.231943373568356037e-03,-2.709452237468212843e-04,-3.433674573898315430e-03
-2.869249554350972176e-03,1.307595171965658665e-03,-9.039348224177956581e-04,3.697261126944795251e-05,-3.516507567837834358e-03
-4.228620789945125580e-03,3.644451498985290527e-04,-9.039348224177956581e-04,3.697261126944795251e-05,-3.516507567837834358e-03
-4.228620789945125580e-03,3.644451498985290527e-04,-9.039348224177956581e-04,-8.181355078704655170e-04,-5.083089228719472885e-03
-2.215533982962369919e-03,-6.966686923988163471e-04,1.809801324270665646e-04,7.157015497796237469e-04,-5.338009446859359741e-03
-3.312379121780395508e-03,3.644451498985290527e-04,-1.186585985124111176e-03,1.380365458317101002e-03,-1.880948548205196857e-03
-3.020941512659192085e-03,3.644451498985290527e-04,1.809801324270665646e-04,2.702581230551004410e-03,-1.591384527273476124e-03
-8.452720358036458492e-04,8.516877423971891403e-04,2.327551133930683136e-03,3.082512877881526947e-03,-4.095202020835131407e-04
-9.838107507675886154e-04,1.565418089739978313e-03,4.003226640634238720e-04,1.061723567545413971e-03,-1.594743924215435982e-03
-8.689225069247186184e-04,1.565418089739978313e-03,5.251633119769394398e-04,2.544117858633399010e-03,-6.092755938880145550e-04
-5.595480324700474739e-04,1.565418089739978313e-03,7.815592689439654350e-04,1.831674482673406601e-03,6.771474727429449558e-04
6.850411882624030113e-04,1.565418089739978313e-03,2.250797813758254051e-03,4.447038285434246063e-03,8.219332667067646980e-04
1.616530789760872722e-04,1.565418089739978313e-03,2.344425767660140991e-03,5.623175296932458878e-03,1.629544422030448914e-03
-2.173892571590840816e-04,1.118490356020629406e-03,1.983644906431436539e-03,5.379741545766592026e-03,1.388675300404429436e-03
-1.032672123983502388e-03,1.118490356020629406e-03,9.459578432142734528e-04,5.504918750375509262e-03,1.704509370028972626e-03
-1.032672123983502388e-03,2.196094428654760122e-04,8.934452198445796967e-04,5.504918750375509262e-03,1.704509370028972626e-03
-2.717349445447325706e-03,1.437049708329141140e-03,-2.242368209408596158e-04,6.231092847883701324e-03,3.315265057608485222e-04
-3.426680807024240494e-03,1.437049708329141140e-03,8.137149270623922348e-04,5.842726211994886398e-03,-8.057333761826157570e-04
-2.826239215210080147e-03,4.083228704985231161e-04,-4.859371401835232973e-04,4.889649339020252228e-03,-6.314456113614141941e-04
-1.457108766771852970e-03,4.083228704985231161e-04,-1.612882595509290695e-03,4.527477547526359558e-03,1.238147378899157047e-03
-3.045315854251384735e-03,4.083228704985231161e-04,-1.885126810520887375e-03,4.527477547526359558e-03,1.238147378899157047e-03
-1.455135759897530079e-03,1.437049708329141140e-03,-8.005978306755423546e-04,6.252439692616462708e-03,2.021835884079337120e-03
-2.220743335783481598e-03,1.437049708329141140e-03,-8.005978306755423546e-04,6.252439692616462708e-03,2.021835884079337120e-03
-2.220743335783481598e-03,4.083228704985231161e-04,-1.803086488507688046e-03,4.910996649414300919e-03,4.507884441409260035e-04
-2.177381655201315880e-03,4.083228704985231161e-04,-1.062298193573951721e-03,4.522630944848060608e-03,-3.629454877227544785e-04
-2.816878492012619972e-03,4.083228704985231161e-04,-2.815024927258491516e-03,2.223362680524587631e-03,-1.977286767214536667e-03
-2.507504075765609741e-03,4.083228704985231161e-04,-1.120549510233104229e-03,3.933419473469257355e-03,-4.586557333823293447e-04
-2.920046914368867874e-03,4.083228704985231161e-04,-3.994510334450751543e-04,2.864733571186661720e-03,-4.907859838567674160e-04
-2.179154893383383751e-03,4.083228704985231161e-04,3.450369404163211584e-04,3.017633222043514252e-03,-1.452533993870019913e-03
-3.123650094494223595e-03,4.083228704985231161e-04,-1.600655232323333621e-04,1.934304484166204929e-03,-1.452533993870019913e-03
-2.179154893383383751e-03,4.083228704985231161e-04,-3.790210175793617964e-04,1.706076553091406822e-03,-1.680244691669940948e-03
-4.043404478579759598e-03,-6.703356630168855190e-04,-1.545941224321722984e-03,1.706076553091406822e-03,-1.570080523379147053e-03
-2.940663835033774376e-03,-6.703356630168855190e-04,-3.456411650404334068e-03,1.706076553091406822e-03,-1.570080523379147053e-03
-3.098909743130207062e-03,4.083228704985231161e-04,-1.784389954991638660e-03,2.194714965298771858e-03,-1.570080523379147053e-03
-3.098909743130207062e-03,4.083228704985231161e-04,-1.784389954991638660e-03,2.194714965298771858e-03,-1.570080523379147053e-03
-3.797254059463739395e-03,1.437049708329141140e-03,7.391417748294770718e-04,3.152241930365562439e-03,7.583494880236685276e-04
-2.659624442458152771e-03,1.437049708329141140e-03,1.240081386640667915e-03,6.024399306625127792e-03,1.093136612325906754e-03
-1.982997870072722435e-03,1.437049708329141140e-03,1.240081386640667915e-03,7.852959446609020233e-03,1.341635710559785366e-03
-1.682085916399955750e-03,1.437049708329141140e-03,2.803375537041574717e-04,8.074482902884483337e-03,8.775289170444011688e-04
-2.529318910092115402e-03,1.437049708329141140e-03,1.455492805689573288e-03,8.316446095705032349e-03,1.939735724590718746e-03
-1.609564060345292091e-03,1.437049708329141140e-03,1.455492805689573288e-03,8.316446095705032349e-03,1.939735724590718746e-03
-7.942828815430402756e-04,1.437049708329141140e-03,1.674448256380856037e-03,8.544673211872577667e-03,2.167446538805961609e-03
-7.942828815430402756e-04,1.437049708329141140e-03,2.277654130011796951e-03,3.562708618119359016e-03,2.800771966576576233e-03
-2.270861063152551651e-03,4.083228704985231161e-04,1.275165588594973087e-03,7.541558006778359413e-04,-8.866448188200592995e-04
-3.043303964659571648e-03,4.083228704985231161e-04,-4.987806896679103374e-04,1.751821255311369896e-03,9.906724881147965789e-05
-3.410638310015201569e-03,4.083228704985231161e-04,1.206688466481864452e-03,2.230960875749588013e-03,5.699641187675297260e-04
-2.243434544652700424e-03,1.875510934041813016e-04,6.868859054520726204e-05,2.780549228191375732e-03,1.643214724026620388e-03
-2.243434544652700424e-03,1.875510934041813016e-04,-1.223019789904356003e-03,1.532788970507681370e-03,4.111650632694363594e-04
-1.934060128405690193e-03,1.875510934041813016e-04,1.025966019369661808e-03,3.440230153501033783e-03,1.602867618203163147e-03
-3.099590772762894630e-03,1.875510934041813016e-04,-2.120667602866888046e-03,2.011928474530577660e-03,8.686654036864638329e-04
-3.099590772762894630e-03,2.335930243134498596e-03,5.603195750154554844e-04,2.230960875749588013e-03,1.076144515536725521e-03
-4.350245464593172073e-03,-5.339087219908833504e-04,-1.150744152255356312e-03,-5.417878273874521255e-04,-2.266048453748226166e-03
-5.891688633710145950e-03,-5.339087219908833504e-04,-1.150744152255356312e-03,-2.122371224686503410e-03,-2.266048453748226166e-03
-7.054693065583705902e-03,-5.339087219908833504e-04,-9.567654924467206001e-04,-3.654173109680414200e-03,-2.253649290651082993e-03
-7.054693065583705902e-03,4.092403105460107327e-04,-1.076910179108381271e-03,-4.248863551765680313e-03,-2.253649290651082993e-03
-7.946948520839214325e-03,4.092403105460107327e-04,-1.076910179108381271e-03,-4.248863551765680313e-03,-1.881252275779843330e-03
-7.635454181581735611e-03,4.092403105460107327e-04,-9.768218733370304108e-04,-6.014311802573502064e-04,4.800879105459898710e-04
-7.181409280747175217e-03,4.092403105460107327e-04,9.448605123907327652e-04,4.138524236623197794e-04,1.468259608373045921e-03
-6.077108904719352722e-03,4.092403105460107327e-04,-9.302329272031784058e-05,-6.014311802573502064e-04,4.666914173867553473e-04
-4.643558990210294724e-03,2.115158364176750183e-03,-7.618888048455119133e-05,7.281406433321535587e-04,2.142512239515781403e-03
-4.643558990210294724e-03,2.115158364176750183e-03,3.913217806257307529e-04,1.675545005127787590e-03,2.527607604861259460e-03
-3.723804373294115067e-03,2.115158364176750183e-03,-5.119072739034891129e-04,1.309556420892477036e-03,2.400414785370230675e-03
-4.033179022371768951e-03,2.115158364176750183e-03,9.647659317124634981e-05,1.309556420892477036e-03,2.400414785370230675e-03
-3.723804373294115067e-03,2.115158364176750183e-03,9.647659317124634981e-05,2.269591670483350754e-03,3.578660776838660240e-03
-4.344672895967960358e-03,2.115158364176750183e-03,6.107888766564428806e-04,5.109105841256678104e-04,1.645886106416583061e-03
-4.344672895967960358e-03,2.115158364176750183e-03,6.107888766564428806e-04,1.590096973814070225e-03,1.645886106416583061e-03
-3.374418942257761955e-03,2.115158364176750183e-03,6.107888766564428806e-04,2.550132339820265770e-03,2.446818863973021507e-03
-2.379554323852062225e-03,2.115158364176750183e-03,4.529845027718693018e-04,2.622355706989765167e-03,3.693273523822426796e-03
-1.738606370054185390e-03,2.115158364176750183e-03,4.699156852439045906e-04,2.622355706989765167e-03,3.693273523822426796e-03
-6.554570281878113747e-04,2.115158364176750183e-03,2.320649655302986503e-04,1.440105377696454525e-03,3.066526493057608604e-03
-1.771202660165727139e-03,2.115158364176750183e-03,2.320649655302986503e-04,5.673777195625007153e-04,2.205164171755313873e-03
-2.586484421044588089e-03,2.115158364176750183e-03,2.320649655302986503e-04,5.673777195625007153e-04,2.205164171755313873e-03
-2.132371300831437111e-03,2.115158364176750183e-03,2.320649655302986503e-04,1.440105377696454525e-03,3.066526493057608604e-03
-2.931379480287432671e-03,2.115158364176750183e-03,2.320649655302986503e-04,1.197356963530182838e-03,3.153810976073145866e-03
-2.931379480287432671e-03,2.115158364176750183e-03,2.320649655302986503e-04,1.197356963530182838e-03,3.153810976073145866e-03
-2.931379480287432671e-03,2.115158364176750183e-03,1.534710900159552693e-04,1.123274676501750946e-03,3.153810976073145866e-03
-1.881113043054938316e-03,2.115158364176750183e-03,1.534710900159552693e-04,2.505465236026793718e-04,2.292449586093425751e-03
-2.055947668850421906e-03,2.115158364176750183e-03,1.574070658534765244e-03,2.481230185367166996e-04,2.211050828918814659e-03
-1.452424214221537113e-03,2.115158364176750183e-03,8.332823053933680058e-04,6.364910514093935490e-04,2.212966792285442352e-03
-1.208010013215243816e-03,2.115158364176750183e-03,4.885813686996698380e-04,1.665224204771220684e-03,3.074327949434518814e-03
-2.756029833108186722e-03,2.115158364176750183e-03,1.229369780048727989e-03,1.665224204771220684e-03,3.074327949434518814e-03
-3.927293873857706785e-04,1.944395131431519985e-03,3.993282734882086515e-04,1.251071109436452389e-03,2.212966792285442352e-03
-2.992264693602919579e-03,1.944395131431519985e-03,4.178961680736392736e-04,-1.664366223849356174e-03,1.980938250198960304e-04
-2.106607658788561821e-03,1.481663202866911888e-03,1.022623735480010509e-03,-1.664366223849356174e-03,1.980938250198960304e-04
-2.106607658788561821e-03,-4.459445481188595295e-04,-1.700279652141034603e-03,-1.664366223849356174e-03,1.980938250198960304e-04
-3.360476577654480934e-03,-1.524603110738098621e-03,-4.050883464515209198e-03,-9.716498898342251778e-04,-1.119990833103656769e-03
-3.789165057241916656e-03,-2.102342667058110237e-03,-4.541725851595401764e-03,-9.842202998697757721e-04,-2.274694619700312614e-03
-3.652505809441208839e-03,-2.102342667058110237e-03,-3.745526308193802834e-03,2.066925866529345512e-03,-1.780626596882939339e-03
-4.506308585405349731e-03,-2.102342667058110237e-03,-3.745526308193802834e-03,-1.037584966979920864e-03,-4.661862272769212723e-03
-3.098357003182172775e-03,-1.353839412331581116e-03,-3.390894969925284386e-03,1.197168239741586149e-04,-3.583501325920224190e-03
-3.338314360007643700e-03,-1.353839412331581116e-03,-3.390894969925284386e-03,-5.448435549624264240e-04,-3.101764945313334465e-03
-1.650684047490358353e-03,1.542154132039286196e-05,-4.195779561996459961e-03,2.462879929225891829e-04,-1.909260172396898270e-03
-4.713662900030612946e-03,-3.329030470922589302e-03,-5.182948894798755646e-03,-6.692922674119472504e-03,-4.395084921270608902e-03
-4.713662900030612946e-03,-3.329030470922589302e-03,-5.182948894798755646e-03,-4.357678350061178207e-03,-2.599907573312520981e-03
-5.928339436650276184e-03,-3.329030470922589302e-03,-5.240674130618572235e-03,-4.329251591116189957e-03,-3.355511231347918510e-03
-5.928339436650276184e-03,-3.329030470922589302e-03,-4.662361461669206619e-03,-4.329251591116189957e-03,-3.355511231347918510e-03
-9.256390854716300964e-03,-3.329030470922589302e-03,-5.651472602039575577e-03,-7.025682833045721054e-03,-5.568863824009895325e-03
-8.964953012764453888e-03,-3.329030470922589302e-03,-5.264050327241420746e-03,-6.649279035627841949e-03,-5.279299803078174591e-03
-1.070282980799674988e-02,-5.302971228957176208e-03,-7.752198260277509689e-03,-7.271862123161554337e-03,-4.366548731923103333e-03
-1.099407952278852463e-02,-5.302971228957176208e-03,-7.239138707518577576e-03,-6.745893042534589767e-03,-5.045387428253889084e-03
-9.055851027369499207e-03,-4.840238951146602631e-03,-7.239138707518577576e-03,-7.306077051907777786e-03,-7.780896499752998352e-03
-8.877021260559558868e-03,-3.442826680839061737e-03,-5.975921638309955597e-03,-8.051116019487380981e-03,-7.664729375392198563e-03
-8.402892388403415680e-03,-3.442826680839061737e-03,-6.570524070411920547e-03,-8.051116019487380981e-03,-9.546300396323204041e-03
-8.111454546451568604e-03,-3.442826680839061737e-03,-6.820827256888151169e-03,-7.048674859106540680e-03,-7.024816703051328659e-03
-8.921492844820022583e-03,-3.442826680839061737e-03,-6.820827256888151169e-03,-6.052062381058931351e-03,-7.752727251499891281e-03
-8.921492844820022583e-03,-6.198288872838020325e-03,-5.617200396955013275e-03,-4.668245092034339905e-03,-7.752727251499891281e-03
-8.921492844820022583e-03,-5.082299001514911652e-03,-5.617200396955013275e-03,-6.359382066875696182e-03,-7.024816703051328659e-03
-7.542486768215894699e-03,-4.053570795804262161e-03,-4.614711739122867584e-03,-4.993570037186145782e-03,-7.024816703051328659e-03
-7.833925075829029083e-03,-4.053570795804262161e-03,-5.116933025419712067e-03,-5.861749872565269470e-03,-6.160721182823181152e-03
-7.542486768215894699e-03,-4.053570795804262161e-03,-4.614711739122867584e-03,-7.328816223889589310e-03,-9.254498407244682312e-03
-7.779859937727451324e-03,-4.053570795804262161e-03,-4.614711739122867584e-03,-7.328816223889589310e-03,-9.982408955693244934e-03
-7.779859937727451324e-03,-4.053570795804262161e-03,-5.299600772559642792e-03,-9.019952267408370972e-03,-7.455019745975732803e-03
-7.973710075020790100e-03,-4.053570795804262161e-03,-6.756894756108522415e-03,-8.766772225499153137e-03,-8.027920499444007874e-03
-1.504509244114160538e-02,-5.841175559908151627e-03,-6.841107737272977829e-03,-7.587632164359092712e-03,-8.556173183023929596e-03
-1.595918089151382446e-02,-5.841175559908151627e-03,-6.841107737272977829e-03,-6.730048451572656631e-03,-7.141830865293741226e-03
-1.579864881932735443e-02,-6.086224690079689026e-03,-7.618146948516368866e-03,-8.919209241867065430e-03,-5.314506124705076218e-03
-6.295262835919857025e-03,-2.180847804993391037e-03,-4.379282239824533463e-03,-8.542725816369056702e-03,-6.845926400274038315e-03
-5.577567499130964279e-03,-1.013317843899130821e-03,-2.102924278005957603e-03,-2.649296307936310768e-03,-3.663721028715372086e-03
-3.768368391320109367e-03,-1.899126073112711310e-04,-1.747126574628055096e-03,-2.948082750663161278e-03,-3.096877597272396088e-03
-3.669878467917442322e-03,-6.368409376591444016e-04,-4.640049766749143600e-03,-4.234852269291877747e-03,-5.040342919528484344e-03
-3.154072444885969162e-03,-6.368409376591444016e-04,-1.510417438112199306e-03,-2.349467482417821884e-03,-3.704990493133664131e-03
-3.154072444885969162e-03,-6.368409376591444016e-04,-1.510417438112199306e-03,-1.855247537605464458e-03,-4.254688043147325516e-03
-3.154072444885969162e-03,-6.368409376591444016e-04,-2.549975179135799408e-03,-2.869544317945837975e-03,-3.681832458823919296e-03
-2.683052560314536095e-03,-6.368409376591444016e-04,-1.846180297434329987e-03,-6.135446601547300816e-04,-3.519634483382105827e-03
-2.725383499637246132e-03,-6.368409376591444016e-04,-3.659904934465885162e-03,-1.682937727309763432e-03,-4.111911635845899582e-03
-4.134505987167358398e-03,-6.368409376591444016e-04,-4.371454473584890366e-03,-2.389316679909825325e-03,-3.094436833634972572e-03
-3.190010786056518555e-03,-6.368409376591444016e-04,-4.371454473584890366e-03,-2.389316679909825325e-03,-2.621687715873122215e-03
-2.215202897787094116e-03,-6.368409376591444016e-04,-4.371454473584890366e-03,-1.949739758856594563e-03,-2.621687715873122215e-03
-3.319223178550601006e-03,-6.368409376591444016e-04,-4.371454473584890366e-03,-1.949739758856594563e-03,-2.621687715873122215e-03
-1.476296922191977501e-03,-6.368409376591444016e-04,-5.939156282693147659e-03,-3.742363187484443188e-04,-1.801068196073174477e-03
-1.476296922191977501e-03,-6.368409376591444016e-04,-5.939156282693147659e-03,-1.246964093297719955e-03,-1.934515894390642643e-03
-1.476296922191977501e-03,-1.067774719558656216e-04,-6.547539960592985153e-03,-1.246964093297719955e-03,-2.662426559254527092e-03
-3.345863660797476768e-03,-1.665567862801253796e-03,-7.918806746602058411e-03,-2.588407369330525398e-03,-3.557829419150948524e-03
-3.079751972109079361e-03,-1.665567862801253796e-03,-6.691918242722749710e-03,-2.588407369330525398e-03,-3.435088088735938072e-03
-3.367309225723147392e-03,-1.665567862801253796e-03,-6.691918242722749710e-03,-3.585481783375144005e-03,-2.757392590865492821e-03
-2.416955772787332535e-03,-2.488973084837198257e-03,-5.676928907632827759e-03,-2.360414946451783180e-03,-3.040712093934416771e-03
-4.902004729956388474e-03,-3.721145913004875183e-03,-5.791123956441879272e-03,-1.476645236834883690e-03,-2.146346028894186020e-03
-4.902004729956388474e-03,-4.888676572591066360e-03,-6.938192527741193771e-03,-4.359811078757047653e-03,-3.673486178740859032e-03
-5.616590846329927444e-03,-6.475632078945636749e-03,-9.490022435784339905e-03,-8.128067478537559509e-03,-4.708892665803432465e-03
-3.547442611306905746e-03,-6.475632078945636749e-03,-9.490022435784339905e-03,-8.128067478537559509e-03,-4.708892665803432465e-03
-4.085971508175134659e-03,-6.475632078945636749e-03,-9.848745539784431458e-03,-8.413983508944511414e-03,-4.998456686735153198e-03
-3.382736118510365486e-03,-6.475632078945636749e-03,-9.520736522972583771e-03,-8.106064982712268829e-03,-4.708892665803432465e-03
-5.803957115858793259e-03,-6.475632078945636749e-03,-9.973015636205673218e-03,-7.261332124471664429e-03,-7.123117800801992416e-03
-6.671899929642677307e-03,-6.475632078945636749e-03,-9.975566528737545013e-03,-7.569250650703907013e-03,-7.412681821733713150e-03
-5.727405194193124771e-03,-6.475632078945636749e-03,-9.975566528737545013e-03,-7.569250650703907013e-03,-7.412681821733713150e-03
-7.309951819479465485e-03,-4.591112490743398666e-03,-9.397094137966632843e-03,-7.377700414508581161e-03,-7.508138660341501236e-03
-7.819584570825099945e-03,-6.475632078945636749e-03,-8.170130662620067596e-03,-8.672560565173625946e-03,-7.508138660341501236e-03
-7.309951819479465485e-03,-4.591112490743398666e-03,-9.038175456225872040e-03,-8.353896439075469971e-03,-8.661797270178794861e-03
-7.309951819479465485e-03,-4.591112490743398666e-03,-8.639631792902946472e-03,-7.990226149559020996e-03,-8.661797270178794861e-03
-1.042775623500347137e-02,-6.100209429860115051e-03,-7.203979417681694031e-03,-8.308891206979751587e-03,-6.099782418459653854e-03
-1.055038534104824066e-02,-6.100209429860115051e-03,-7.203979417681694031e-03,-6.892423611134290695e-03,-6.978177931159734726e-03
-1.084439828991889954e-02,-4.953240044414997101e-03,-8.088954724371433258e-03,-7.664901204407215118e-03,-7.508138660341501236e-03
-1.071282196789979935e-02,-3.700526431202888489e-03,-4.994504153728485107e-03,-7.131563499569892883e-03,-3.487599780783057213e-03
-1.016401685774326324e-02,-3.700526431202888489e-03,-4.994504153728485107e-03,-8.837678469717502594e-03,-3.487599780783057213e-03
-1.011079363524913788e-02,-3.700526431202888489e-03,-5.289247259497642517e-03,-8.143153041601181030e-03,-3.487599780783057213e-03
-9.799300692975521088e-03,-3.700526431202888489e-03,-5.289247259497642517e-03,-6.763654761016368866e-03,-3.070240374654531479e-03
-8.188187144696712494e-03,-2.180847804993391037e-03,-2.435310976579785347e-03,-4.926485940814018250e-03,-9.363915305584669113e-04
-6.834130268543958664e-03,-1.899126073112711310e-04,-1.596213900484144688e-03,-1.420184038579463959e-03,1.302912249229848385e-03
-6.682373583316802979e-03,-6.368409376591444016e-04,-4.501695279031991959e-03,2.569586504250764847e-03,3.199669532477855682e-03
-7.511107716709375381e-03,-6.368409376591444016e-04,-4.518626723438501358e-03,2.092785434797406197e-03,3.079594112932682037e-03
-7.820482365787029266e-03,-6.368409376591444016e-04,-4.970907699316740036e-03,-4.942688392475247383e-04,1.179025392048060894e-03
-7.546699140220880508e-03,-6.368409376591444016e-04,-4.970907699316740036e-03,-4.942688392475247383e-04,-9.860707214102149010e-04
-8.554889820516109467e-03,-6.368409376591444016e-04,-3.375508822500705719e-03,-8.802123484201729298e-04,1.165628898888826370e-03
-7.393084000796079636e-03,-6.368409376591444016e-04,-3.375508822500705719e-03,-8.802123484201729298e-04,1.382113900035619736e-03
-7.397164590656757355e-03,-1.707080402411520481e-03,-2.579309279099106789e-03,-1.106187584809958935e-03,1.112301601096987724e-03
-6.974251475185155869e-03,-1.707080402411520481e-03,-2.351250033825635910e-03,-1.197043573483824730e-03,6.949419621378183365e-04
-7.399284280836582184e-03,-1.707080402411520481e-03,-8.848337456583976746e-04,1.004065154120326042e-03,2.298224717378616333e-03
-7.087790407240390778e-03,2.073882933473214507e-04,6.033753161318600178e-04,2.867934759706258774e-03,2.623580163344740868e-03
-8.249595761299133301e-03,2.073882933473214507e-04,2.586743503343313932e-04,2.854292979463934898e-03,3.214948344975709915e-03
-8.523379452526569366e-03,2.073882933473214507e-04,2.586743503343313932e-04,2.854292979463934898e-03,3.214948344975709915e-03
-8.523379452526569366e-03,1.437049708329141140e-03,2.287115203216671944e-03,3.883905475959181786e-03,1.815886469557881355e-03
-7.552898954600095749e-03,1.437049708329141140e-03,7.299350108951330185e-04,4.271416924893856049e-03,8.530736668035387993e-04
-6.871869787573814392e-03,1.437049708329141140e-03,1.810560584999620914e-03,4.587197676301002502e-03,2.167356433346867561e-03
-5.933190230280160904e-03,1.437049708329141140e-03,1.810560584999620914e-03,4.587197676301002502e-03,2.167356433346867561e-03
-5.391692277044057846e-03,1.437049708329141140e-03,1.810560584999620914e-03,4.587197676301002502e-03,2.167356433346867561e-03
-5.391692277044057846e-03,1.437049708329141140e-03,-5.260478355921804905e-04,4.094692412763834000e-03,5.312618304742500186e-05
-6.126099731773138046e-03,1.437049708329141140e-03,1.582501339726150036e-03,4.201254341751337051e-03,1.495474367402493954e-03
-5.475380457937717438e-03,1.437049708329141140e-03,1.582501339726150036e-03,4.201254341751337051e-03,1.495474367402493954e-03
-8.408483117818832397e-03,2.335930243134498596e-03,2.012587850913405418e-03,4.201254341751337051e-03,3.923140931874513626e-03
-8.534708991646766663e-03,1.873198081739246845e-03,2.502303104847669601e-03,3.492191899567842484e-03,3.545849118381738663e-03
-8.007708005607128143e-03,1.873198081739246845e-03,1.472192350775003433e-03,3.875711001455783844e-03,3.018278628587722778e-03
-8.368298411369323730e-03,8.876413921825587749e-04,4.953855532221496105e-04,3.875711001455783844e-03,3.018278628587722778e-03
-7.715759798884391785e-03,8.876413921825587749e-04,1.092285019694827497e-04,3.513539442792534828e-03,3.018278628587722778e-03
-8.010908961296081543e-03,8.876413921825587749e-04,3.758636594284325838e-04,3.513539442792534828e-03,3.018278628587722778e-03
-8.265443146228790283e-03,8.876413921825587749e-04,3.758636594284325838e-04,3.513539442792534828e-03,3.018278628587722778e-03
-4.338718485087156296e-03,1.359125832095742226e-03,8.401101804338395596e-04,5.788976326584815979e-03,4.763714969158172607e-03
-4.370994400233030319e-03,1.359125832095742226e-03,1.421961816959083080e-03,6.814931519329547882e-03,4.790020640939474106e-03
-4.370994400233030319e-03,1.359125832095742226e-03,1.421961816959083080e-03,6.814931519329547882e-03,4.196406807750463486e-03
-2.724377438426017761e-03,1.359125832095742226e-03,8.598556742072105408e-04,6.814931519329547882e-03,4.196406807750463486e-03
-2.090003108605742455e-03,1.359125832095742226e-03,8.598556742072105408e-04,6.814931519329547882e-03,3.796701086685061455e-03
-1.579380827024579048e-03,1.821857760660350323e-03,1.807826571166515350e-03,7.132281083613634109e-03,2.836972009390592575e-03
-1.579380827024579048e-03,1.601085998117923737e-03,2.327919704839587212e-03,2.861395711079239845e-03,1.956773921847343445e-03
-1.579380827024579048e-03,2.223587129265069962e-03,1.452649594284594059e-03,2.474415116012096405e-03,3.111118683591485023e-03
-1.579380827024579048e-03,2.223587129265069962e-03,1.452649594284594059e-03,2.474415116012096405e-03,3.205691929906606674e-03
-1.263806479983031750e-03,1.144928508438169956e-03,5.199834704399108887e-04,2.222728449851274490e-03,2.116437302902340889e-03
-1.263806479983031750e-03,1.144928508438169956e-03,9.709654841572046280e-04,2.222728449851274490e-03,2.472807653248310089e-03
-1.263806479983031750e-03,1.144928508438169956e-03,9.709654841572046280e-04,2.222728449851274490e-03,2.472807653248310089e-03
-6.476707058027386665e-04,1.144928508438169956e-03,-4.728091516881249845e-05,4.658421035856008530e-03,1.267643761821091175e-03
-1.578461029566824436e-03,7.431993726640939713e-04,-6.900898006279021502e-05,3.781043924391269684e-03,-6.084713386371731758e-04
-2.837500534951686859e-03,7.431993726640939713e-04,-6.900898006279021502e-05,2.902376465499401093e-03,-1.197642181068658829e-03
-2.423581900075078011e-03,7.431993726640939713e-04,-7.832343108020722866e-04,1.947055221535265446e-03,-1.512278337031602859e-03
-1.687553449301049113e-04,-8.459305390715599060e-04,-1.938119065016508102e-03,5.119352601468563080e-03,2.040178369497880340e-04
-2.185199409723281860e-03,-5.886444705538451672e-04,-3.550425637513399124e-03,1.134214224293828011e-03,-1.166964881122112274e-03
-3.112153382971882820e-03,-1.445094938389956951e-03,-5.065105855464935303e-03,-9.963009506464004517e-04,-1.002554781734943390e-03
-4.216454457491636276e-03,-1.445094938389956951e-03,-5.065105855464935303e-03,-9.963009506464004517e-04,-1.093660248443484306e-04
-4.947145003825426102e-03,-3.839804849121719599e-04,-5.065105855464935303e-03,-1.662828843109309673e-03,-6.586041999980807304e-04
-4.765260498970746994e-03,-1.445094938389956951e-03,-5.970153026282787323e-03,-1.016410766169428825e-03,-1.093660248443484306e-04
-5.994715727865695953e-03,-3.839804849121719599e-04,-5.479255691170692444e-03,-3.887862258125096560e-04,6.668778951279819012e-04
-3.070604987442493439e-03,-1.445094938389956951e-03,-3.007052000612020493e-03,1.729801180772483349e-03,3.652708837762475014e-04
-4.878029576502740383e-04,-1.445094938389956951e-03,-3.007052000612020493e-03,2.067714463919401169e-03,1.094284001737833023e-03
2.847216965164989233e-04,-5.886444705538451672e-04,-2.018776722252368927e-03,3.793567651882767677e-03,2.426239429041743279e-03
1.698345295153558254e-04,-5.886444705538451672e-04,-2.018776722252368927e-03,3.417004365473985672e-03,2.058349084109067917e-03
-2.468060469254851341e-03,-5.886444705538451672e-04,-1.844759797677397728e-03,3.496000310406088829e-03,3.773153061047196388e-03
-1.622879877686500549e-03,-5.886444705538451672e-04,-6.177960895001888275e-04,3.417004365473985672e-03,2.342229243367910385e-03
-2.264849026687443256e-04,-5.886444705538451672e-04,-3.243024693801999092e-04,6.691184826195240021e-03,4.783099051564931870e-03
-1.041768933646380901e-03,-5.886444705538451672e-04,-1.502854283899068832e-04,6.691184826195240021e-03,4.796495661139488220e-03
-2.091109781758859754e-04,-5.886444705538451672e-04,-6.733803311362862587e-04,7.017497438937425613e-03,4.746906459331512451e-03
-5.439338274300098419e-04,-5.886444705538451672e-04,-1.654728403082117438e-04,6.314721424132585526e-03,4.059734288603067398e-03
-1.220477424794808030e-04,-5.886444705538451672e-04,1.917610527016222477e-03,6.314721424132585526e-03,4.059734288603067398e-03
-1.220477424794808030e-04,-5.886444705538451672e-04,1.917610527016222477e-03,6.314721424132585526e-03,3.387852571904659271e-03
-7.163941045291721821e-04,-1.051510334946215153e-03,-3.681034431792795658e-04,5.656984634697437286e-03,2.860462758690118790e-03
9.888990462059155107e-05,-1.051510334946215153e-03,-3.681034431792795658e-04,3.639776026830077171e-03,1.409437507390975952e-03
-4.251985228620469570e-04,1.358991954475641251e-03,3.729029092937707901e-03,3.796189790591597557e-03,2.031219657510519028e-03
1.784640771802514791e-04,1.821857760660350323e-03,5.217265803366899490e-03,7.123894058167934418e-03,3.516559023410081863e-03
-4.251985228620469570e-04,1.821857760660350323e-03,5.217265803366899490e-03,7.123894058167934418e-03,3.516559023410081863e-03
-6.227446720004081726e-04,1.821857760660350323e-03,2.881568623706698418e-03,3.949514590203762054e-03,1.354942214675247669e-03
-1.036663190461695194e-03,1.821857760660350323e-03,2.881568623706698418e-03,4.718573763966560364e-03,2.905067289248108864e-03
-6.227446720004081726e-04,1.821857760660350323e-03,2.881568623706698418e-03,4.424434155225753784e-03,1.512462738901376724e-03
-1.036663190461695194e-03,1.821857760660350323e-03,3.349079284816980362e-03,6.967479828745126724e-03,3.817840944975614548e-03
-1.036663190461695194e-03,1.821857760660350323e-03,3.349079284816980362e-03,6.967479828745126724e-03,3.817840944975614548e-03
-1.036663190461695194e-03,1.821857760660350323e-03,3.349079284816980362e-03,4.464575555175542831e-03,4.195322282612323761e-03
-2.192896790802478790e-04,1.821857760660350323e-03,2.881568623706698418e-03,4.265756346285343170e-03,2.740822266787290573e-03
-2.364080282859504223e-04,1.821857760660350323e-03,3.349079284816980362e-03,6.967479828745126724e-03,4.195322282612323761e-03
6.191043066792190075e-04,1.821857760660350323e-03,3.349079284816980362e-03,6.967479828745126724e-03,4.440884571522474289e-03
4.760982410516589880e-04,1.821857760660350323e-03,5.217265803366899490e-03,7.355845998972654343e-03,5.434657912701368332e-03
4.760982410516589880e-04,1.821857760660350323e-03,5.217265803366899490e-03,7.355845998972654343e-03,5.434657912701368332e-03
3.085759526584297419e-04,1.821857760660350323e-03,2.947002882137894630e-03,6.581535562872886658e-03,5.042030941694974899e-03
4.740987424156628549e-05,1.821857760660350323e-03,4.815188236534595490e-03,6.969902198761701584e-03,4.937089513987302780e-03
4.740987424156628549e-05,1.821857760660350323e-03,3.326849779114127159e-03,6.969902198761701584e-03,4.937089513987302780e-03
3.867991035804152489e-04,1.821857760660350323e-03,3.326849779114127159e-03,6.969902198761701584e-03,4.937089513987302780e-03
3.867991035804152489e-04,1.821857760660350323e-03,3.326849779114127159e-03,6.466604303568601608e-03,5.637227091938257217e-03
1.596918737050145864e-04,1.821857760660350323e-03,3.326849779114127159e-03,6.466604303568601608e-03,4.825165495276451111e-03
3.647889825515449047e-04,1.821857760660350323e-03,3.863106947392225266e-03,7.167726289480924606e-03,4.825165495276451111e-03
5.337490001693367958e-04,1.924966229125857353e-03,4.774392116814851761e-03,6.788087543100118637e-03,5.427676253020763397e-03
6.682088132947683334e-04,1.924966229125857353e-03,4.774392116814851761e-03,7.028455846011638641e-03,5.427676253020763397e-03
5.329304840415716171e-04,1.924966229125857353e-03,4.774392116814851761e-03,7.260407786816358566e-03,5.211710464209318161e-03
5.329304840415716171e-04,1.924966229125857353e-03,4.774392116814851761e-03,7.260407786816358566e-03,5.427676253020763397e-03
5.329304840415716171e-04,1.924966229125857353e-03,4.774392116814851761e-03,7.260407786816358566e-03,4.727539140731096268e-03
5.329304840415716171e-04,1.924966229125857353e-03,4.774392116814851761e-03,7.260407786816358566e-03,4.727539140731096268e-03
5.329304840415716171e-04,1.924966229125857353e-03,4.774392116814851761e-03,7.260407786816358566e-03,4.727539140731096268e-03
5.329304840415716171e-04,1.924966229125857353e-03,4.600374493747949600e-03,7.260407786816358566e-03,4.468580242246389389e-03
9.146815864369273186e-04,8.463077829219400883e-04,3.433453617617487907e-03,7.260407786816358566e-03,4.468580242246389389e-03
-1.346875214949250221e-04,8.463077829219400883e-04,1.565268496051430702e-03,7.344640791416168213e-03,4.089351743459701538e-03
8.965173037722706795e-04,8.463077829219400883e-04,3.433453617617487907e-03,7.733006961643695831e-03,4.468580242246389389e-03
-1.528517750557512045e-04,8.463077829219400883e-04,1.565268496051430702e-03,7.344640791416168213e-03,4.089351743459701538e-03
4.508108249865472317e-04,8.463077829219400883e-04,1.565268496051430702e-03,7.344640791416168213e-03,4.089351743459701538e-03
-4.622261913027614355e-04,8.463077829219400883e-04,2.586095361039042473e-03,4.127616994082927704e-03,1.799881341867148876e-03
1.414364232914522290e-04,8.463077829219400883e-04,2.586095361039042473e-03,4.722307901829481125e-03,1.799881341867148876e-03
-4.748130595544353127e-05,8.463077829219400883e-04,2.586095361039042473e-03,3.840728197246789932e-03,1.720014959573745728e-03
1.108029508031904697e-03,-5.886444705538451672e-04,1.425400958396494389e-03,6.392991170287132263e-03,3.548399778082966805e-03
1.615608576685190201e-03,-5.886444705538451672e-04,2.036454156041145325e-03,5.511411931365728378e-03,3.358369227498769760e-03
2.873031422495841980e-03,-5.886444705538451672e-04,2.210470847785472870e-03,4.057747311890125275e-03,1.332114217802882195e-03
2.269368618726730347e-03,-5.886444705538451672e-04,2.210470847785472870e-03,3.463055705651640892e-03,1.332114217802882195e-03
2.873031422495841980e-03,-5.886444705538451672e-04,2.210470847785472870e-03,4.057747311890125275e-03,1.332114217802882195e-03
2.873031422495841980e-03,-5.886444705538451672e-04,3.080160822719335556e-03,3.978972788900136948e-03,1.318717724643647671e-03
1.866527367383241653e-03,-5.886444705538451672e-04,2.239724854007363319e-03,2.582805231213569641e-03,1.318717724643647671e-03
4.433330032043159008e-04,4.724699247162789106e-04,1.334685133770108223e-03,2.310273936018347740e-03,1.128688221797347069e-03
1.046995632350444794e-03,4.724699247162789106e-04,1.628671889193356037e-03,1.619835617020726204e-03,1.128688221797347069e-03
8.136095711961388588e-04,-5.886444705538451672e-04,1.628671889193356037e-03,1.025144825689494610e-03,1.128688221797347069e-03
-2.145899925380945206e-03,4.724699247162789106e-04,6.926263449713587761e-04,2.770774066448211670e-03,3.358369227498769760e-03
-1.451619784347712994e-03,4.724699247162789106e-04,6.926263449713587761e-04,4.355304117780178785e-04,1.128688221797347069e-03
-1.451619784347712994e-03,4.724699247162789106e-04,6.926263449713587761e-04,2.770774066448211670e-03,3.358369227498769760e-03
-1.743058441206812859e-03,4.724699247162789106e-04,9.412556537427008152e-04,2.770774066448211670e-03,3.087885677814483643e-03
-7.916922913864254951e-04,-2.750131716311443597e-05,2.840793458744883537e-04,2.057805890217423439e-03,3.007186111062765121e-03
-2.212910912930965424e-03,-2.750131716311443597e-05,-4.301459994167089462e-04,8.670443203300237656e-04,2.088920678943395615e-03
-2.523040166124701500e-03,-2.750131716311443597e-05,-4.301459994167089462e-04,1.461735577322542667e-03,2.088920678943395615e-03
-3.212181385606527328e-03,-1.195031218230724335e-03,-1.062259078025817871e-03,-2.513455227017402649e-03,-4.392850212752819061e-03
-8.771539665758609772e-03,-2.084690611809492111e-03,-1.968357013538479805e-03,-2.305442234501242638e-03,-4.460177849978208542e-03
-1.480262074619531631e-02,-3.974017687141895294e-03,-3.645372111350297928e-03,-4.123581573367118835e-03,-9.045931510627269745e-03
-1.932127587497234344e-02,-6.157121155411005020e-03,-3.676382126286625862e-03,-1.422396395355463028e-03,-7.776337210088968277e-03
-2.206107042729854584e-02,-7.273111026734113693e-03,-5.163893103599548340e-03,-3.882729914039373398e-03,-1.117425411939620972e-02
-1.658973284065723419e-02,-6.828980054706335068e-03,-4.795114975422620773e-03,-4.082251805812120438e-03,-1.044634263962507248e-02
-1.845192909240722656e-02,-6.157121155411005020e-03,-4.080889746546745300e-03,-3.394014202058315277e-03,-9.281993843615055084e-03
-1.685906387865543365e-02,-5.712990183383226395e-03,-3.646218450739979744e-03,-3.394014202058315277e-03,-8.554083295166492462e-03
-1.669526845216751099e-02,-8.004058152437210083e-03,-4.360443446785211563e-03,-4.587909206748008728e-03,-1.267602760344743729e-02
-1.715050078928470612e-02,-5.727808922529220581e-03,-4.001008346676826477e-03,-4.882014822214841843e-03,-1.101596839725971222e-02
-1.685906387865543365e-02,-6.888069212436676025e-03,-4.153776913881301880e-03,-5.047887563705444336e-03,-1.200401224195957184e-02
-1.743697375059127808e-02,-6.888069212436676025e-03,-6.132302340120077133e-03,-7.416537962853908539e-03,-1.229357719421386719e-02
-1.772841252386569977e-02,-8.004058152437210083e-03,-6.132302340120077133e-03,-6.213387940078973770e-03,-1.236609742045402527e-02
-1.725428178906440735e-02,-6.888069212436676025e-03,-6.711719557642936707e-03,-7.149526849389076233e-03,-1.110763289034366608e-02
-1.696284487843513489e-02,-6.443938240408897400e-03,-6.383712869137525558e-03,-6.104990839958190918e-03,-1.081806886941194534e-02
-1.743697375059127808e-02,-8.004058152437210083e-03,-6.383712869137525558e-03,-9.433596394956111908e-03,-1.430621743202209473e-02
-1.652288436889648438e-02,-6.888069212436676025e-03,-6.383712869137525558e-03,-6.104990839958190918e-03,-1.009015832096338272e-02
-1.743697375059127808e-02,-6.888069212436676025e-03,-6.383712869137525558e-03,-6.841607857495546341e-03,-1.081806886941194534e-02
-1.869541779160499573e-02,-8.004058152437210083e-03,-6.383712869137525558e-03,-9.176852181553840637e-03,-1.304775197058916092e-02
-1.743697375059127808e-02,-7.559927180409431458e-03,-6.863222923129796982e-03,-8.440235629677772522e-03,-1.430621743202209473e-02
-1.772841252386569977e-02,-5.727808922529220581e-03,-6.118794903159141541e-03,-7.350962143391370773e-03,-1.023238524794578552e-02
-1.927450112998485565e-02,-6.888069212436676025e-03,-6.665251217782497406e-03,-1.035902183502912521e-02,-9.888605214655399323e-03
-1.676722802221775055e-02,-5.972857587039470673e-03,-6.110057234764099121e-03,-8.419141173362731934e-03,-1.017573010176420212e-02
-1.610616967082023621e-02,-7.089044898748397827e-03,-5.532015580683946609e-03,-4.883833229541778564e-03,-9.227540343999862671e-03
-1.692092046141624451e-02,-6.149569060653448105e-03,-5.935625638812780380e-03,-1.983699621632695198e-03,-3.663728479295969009e-03
-1.849510706961154938e-02,-9.071839042007923126e-03,-6.428315769881010056e-03,-4.827745258808135986e-03,-4.196190275251865387e-03
-1.907729543745517731e-02,-9.184314869344234467e-03,-9.214567020535469055e-03,-5.022652912884950638e-03,-3.531714901328086853e-03
-1.876172050833702087e-02,-7.710179314017295837e-03,-9.625469334423542023e-03,-5.576748400926589966e-03,-4.986276850104331970e-03
-1.926294527947902679e-02,-9.184314869344234467e-03,-9.287541732192039490e-03,-4.204111173748970032e-04,-1.573126995936036110e-03
-1.436212379485368729e-02,-8.159317076206207275e-03,-8.802693337202072144e-03,-6.239226786419749260e-04,-1.425024820491671562e-03
6.900444277562201023e-04,-2.995082177221775055e-03,-3.597321920096874237e-03,2.114091534167528152e-03,-8.362645166926085949e-04
7.819364691385999322e-05,-2.995082177221775055e-03,-2.120374236255884171e-03,2.802329137921333313e-03,-2.024667046498507261e-04
-1.939007546752691269e-03,-2.507973462343215942e-03,-3.312326967716217041e-03,8.431195747107267380e-04,-1.218093209899961948e-03
8.466157014481723309e-04,-5.812837625853717327e-04,-1.435396494343876839e-03,3.697397653013467789e-03,4.462798242457211018e-04
-1.490166760049760342e-03,-5.812837625853717327e-04,-2.379258163273334503e-03,2.846181625500321388e-03,-3.239407669752836227e-04
-3.177171107381582260e-03,-5.812837625853717327e-04,-1.681964029558002949e-03,3.534419229254126549e-03,-7.199227547971531749e-05
-1.490166760049760342e-03,-5.812837625853717327e-04,-1.681964029558002949e-03,5.225554108619689941e-03,-4.740075673907995224e-04
-1.490166760049760342e-03,-5.812837625853717327e-04,-1.883039134554564953e-03,3.338687121868133545e-03,-5.681656184606254101e-04
-3.177171107381582260e-03,-8.020555251277983189e-04,-3.067431040108203888e-03,1.900964532978832722e-03,-2.033441094681620598e-03
3.882041492033749819e-04,-1.539605902507901192e-03,-3.349069505929946899e-03,-2.482029609382152557e-03,-5.991513840854167938e-03
-1.538162236101925373e-03,-1.539605902507901192e-03,-3.349069505929946899e-03,-4.173164721578359604e-03,-5.991513840854167938e-03
-1.322887605056166649e-03,-1.539605902507901192e-03,-1.794407842680811882e-03,-2.683450235053896904e-03,-5.357717629522085190e-03
-1.910184975713491440e-03,-1.539605902507901192e-03,-1.258061733096837997e-03,-1.327330595813691616e-03,-5.357717629522085190e-03
-1.910184975713491440e-03,-1.539605902507901192e-03,-1.972287194803357124e-03,-2.015568315982818604e-03,-5.991513840854167938e-03
